Width,Height,Roi.X1,Roi.Y1,Roi.X2,Roi.Y2,ClassId,Path
39,38,5,6,34,33,13,/content/generated_inputs_trafficsigns_blackout2/blackout_Speed limit_60 km-h_Speed limit_70 km-h_Speed limit_20 km-h_0.png
39,38,5,6,34,33,13,/content/generated_inputs_trafficsigns_blackout1/blackout_Yield_Priority road_No vehicles_0.png
39,38,5,6,34,33,13,/content/generated_inputs_trafficsigns_light1/light_Dangerous curve to the left_Wild animals crossing_Turn right ahead_0.png
39,38,5,6,34,33,13,/content/generated_inputs_trafficsigns_light2/light_Yield_Yield_Speed limit_50 km-h_0.png
39,38,5,6,34,33,13,/content/generated_inputs_trafficsigns_occl2/occl_No passing for vehicles over 3.5 metric tons_Keep right_Speed limit_60 km-h_0.png
39,38,5,6,34,33,13,/content/generated_inputs_trafficsigns_occl1/occl_No passing for vehicles over 3.5 metric tons_Speed limit_120 km-h_Speed limit_60 km-h_0.png
39,38,5,6,34,33,13,/content/generated_inputs_trafficsigns_occl0/occl_Dangerous curve to the right_Yield_Yield_0.png
39,38,5,6,34,33,13,/content/generated_inputs_trafficsigns_light0/light_Dangerous curve to the left_Wild animals crossing_Turn right ahead_0.png
39,38,5,6,34,33,13,/content/generated_inputs_trafficsigns_blackout0/blackout_Priority road_Right-of-way at the next intersection_End of speed limit_80 km-h_0.png
34,34,6,5,29,29,9,/content/generated_inputs_trafficsigns_blackout2/blackout_Yield_Priority road_No vehicles_1.png
68,69,6,7,62,63,10,/content/generated_inputs_trafficsigns_blackout2/blackout_No vehicles_Slippery road_Road narrows on the right_2.png
42,42,5,5,37,37,12,/content/generated_inputs_trafficsigns_blackout2/blackout_No vehicles_Priority road_Speed limit_80 km-h_3.png
42,42,5,5,37,37,12,/content/generated_inputs_trafficsigns_blackout1/blackout_No passing_Speed limit_100 km-h_No passing_379.png
83,79,7,7,76,72,1,/content/generated_inputs_trafficsigns_blackout2/blackout_Speed limit_70 km-h_Speed limit_70 km-h_Speed limit_30 km-h_5.png
83,79,7,7,76,72,1,/content/generated_inputs_trafficsigns_blackout1/blackout_No passing for vehicles over 3.5 metric tons_General caution_End of speed limit_80 km-h_389.png
83,79,7,7,76,72,1,/content/generated_inputs_trafficsigns_light1/light_Dangerous curve to the left_Wild animals crossing_Turn right ahead_10.png
83,79,7,7,76,72,1,/content/generated_inputs_trafficsigns_light2/light_Yield_Yield_Speed limit_50 km-h_10.png
83,79,7,7,76,72,1,/content/generated_inputs_trafficsigns_occl2/occl_Speed limit_30 km-h_Speed limit_60 km-h_Speed limit_60 km-h_10.png
83,79,7,7,76,72,1,/content/generated_inputs_trafficsigns_occl1/occl_Speed limit_100 km-h_Speed limit_120 km-h_Stop_10.png
83,79,7,7,76,72,1,/content/generated_inputs_trafficsigns_occl0/occl_Keep left_Speed limit_30 km-h_Speed limit_30 km-h_10.png
83,79,7,7,76,72,1,/content/generated_inputs_trafficsigns_light0/light_Dangerous curve to the left_Wild animals crossing_Turn right ahead_10.png
61,63,6,6,56,58,16,/content/generated_inputs_trafficsigns_blackout2/blackout_Speed limit_80 km-h_Priority road_Speed limit_80 km-h_6.png
61,63,6,6,56,58,16,/content/generated_inputs_trafficsigns_light1/light_Dangerous curve to the left_Wild animals crossing_Turn right ahead_12.png
61,63,6,6,56,58,16,/content/generated_inputs_trafficsigns_light2/light_Yield_Yield_Speed limit_50 km-h_12.png
61,63,6,6,56,58,16,/content/generated_inputs_trafficsigns_occl2/occl_Speed limit_60 km-h_Turn left ahead_Speed limit_60 km-h_12.png
61,63,6,6,56,58,16,/content/generated_inputs_trafficsigns_occl1/occl_Vehicles over 3.5 metric tons prohibited_Turn left ahead_Vehicles over 3.5 metric tons prohibited_12.png
61,63,6,6,56,58,16,/content/generated_inputs_trafficsigns_occl0/occl_Right-of-way at the next intersection_End of no passing_Vehicles over 3.5 metric tons prohibited_12.png
61,63,6,6,56,58,16,/content/generated_inputs_trafficsigns_light0/light_Dangerous curve to the left_Wild animals crossing_Turn right ahead_12.png
52,49,5,5,46,44,13,/content/generated_inputs_trafficsigns_blackout2/blackout_Priority road_Right-of-way at the next intersection_Right-of-way at the next intersection_8.png
45,47,5,5,40,42,2,/content/generated_inputs_trafficsigns_blackout2/blackout_Road work_Bicycles crossing_Speed limit_50 km-h_9.png
45,47,5,5,40,42,2,/content/generated_inputs_trafficsigns_blackout1/blackout_Road work_Bicycles crossing_Speed limit_50 km-h_7.png
43,43,5,5,37,37,18,/content/generated_inputs_trafficsigns_blackout2/blackout_Speed limit_120 km-h_Traffic signals_Children crossing_10.png
43,43,5,5,37,37,18,/content/generated_inputs_trafficsigns_blackout1/blackout_Beware of ice-snow_Wild animals crossing_Beware of ice-snow_8.png
34,34,6,6,29,29,9,/content/generated_inputs_trafficsigns_blackout2/blackout_Speed limit_100 km-h_Go straight or right_Children crossing_11.png
27,28,5,5,22,23,17,/content/generated_inputs_trafficsigns_blackout2/blackout_No passing_Priority road_Speed limit_30 km-h_12.png
27,28,5,5,22,23,17,/content/generated_inputs_trafficsigns_blackout1/blackout_Stop_End of speed limit_80 km-h_Speed limit_120 km-h_252.png
27,28,5,5,22,23,17,/content/generated_inputs_trafficsigns_light1/light_Dangerous curve to the left_Wild animals crossing_Turn right ahead_24.png
27,28,5,5,22,23,17,/content/generated_inputs_trafficsigns_light2/light_Yield_Yield_Speed limit_50 km-h_24.png
27,28,5,5,22,23,17,/content/generated_inputs_trafficsigns_occl2/occl_No passing for vehicles over 3.5 metric tons_Speed limit_60 km-h_Speed limit_70 km-h_24.png
27,28,5,5,22,23,17,/content/generated_inputs_trafficsigns_occl1/occl_No entry_No passing for vehicles over 3.5 metric tons_No entry_24.png
27,28,5,5,22,23,17,/content/generated_inputs_trafficsigns_occl0/occl_Right-of-way at the next intersection_No entry_Speed limit_20 km-h_24.png
27,28,5,5,22,23,17,/content/generated_inputs_trafficsigns_light0/light_Dangerous curve to the left_Wild animals crossing_Turn right ahead_24.png
28,27,6,5,23,22,16,/content/generated_inputs_trafficsigns_blackout2/blackout_Speed limit_70 km-h_Speed limit_100 km-h_Speed limit_100 km-h_13.png
28,27,6,5,23,22,16,/content/generated_inputs_trafficsigns_light1/light_Dangerous curve to the left_Wild animals crossing_Turn right ahead_26.png
28,27,6,5,23,22,16,/content/generated_inputs_trafficsigns_light2/light_Dangerous curve to the left_Wild animals crossing_Turn right ahead_26.png
28,27,6,5,23,22,16,/content/generated_inputs_trafficsigns_occl2/occl_No passing for vehicles over 3.5 metric tons_Speed limit_60 km-h_No passing for vehicles over 3.5 metric tons_26.png
28,27,6,5,23,22,16,/content/generated_inputs_trafficsigns_occl1/occl_Vehicles over 3.5 metric tons prohibited_Go straight or right_Dangerous curve to the right_26.png
28,27,6,5,23,22,16,/content/generated_inputs_trafficsigns_occl0/occl_Turn left ahead_Speed limit_120 km-h_Vehicles over 3.5 metric tons prohibited_26.png
28,27,6,5,23,22,16,/content/generated_inputs_trafficsigns_light0/light_Dangerous curve to the left_Wild animals crossing_Turn right ahead_26.png
26,27,5,5,21,21,3,/content/generated_inputs_trafficsigns_blackout2/blackout_Priority road_Right-of-way at the next intersection_Priority road_14.png
62,60,6,5,56,55,1,/content/generated_inputs_trafficsigns_blackout2/blackout_Speed limit_120 km-h_Speed limit_30 km-h_Speed limit_30 km-h_15.png
62,60,6,5,56,55,1,/content/generated_inputs_trafficsigns_light1/light_Dangerous curve to the left_Wild animals crossing_Turn right ahead_29.png
62,60,6,5,56,55,1,/content/generated_inputs_trafficsigns_light2/light_Yield_Yield_Speed limit_50 km-h_29.png
62,60,6,5,56,55,1,/content/generated_inputs_trafficsigns_occl2/occl_No passing for vehicles over 3.5 metric tons_Beware of ice-snow_Speed limit_60 km-h_29.png
62,60,6,5,56,55,1,/content/generated_inputs_trafficsigns_occl1/occl_Speed limit_100 km-h_Speed limit_120 km-h_Speed limit_100 km-h_29.png
62,60,6,5,56,55,1,/content/generated_inputs_trafficsigns_occl0/occl_Speed limit_70 km-h_Speed limit_30 km-h_Speed limit_30 km-h_29.png
62,60,6,5,56,55,1,/content/generated_inputs_trafficsigns_light0/light_Dangerous curve to the left_Wild animals crossing_Turn right ahead_29.png
62,60,6,5,56,55,1,/content/generated_inputs_trafficsigns_blackout0/blackout_Speed limit_50 km-h_Speed limit_30 km-h_Speed limit_30 km-h_12.png
49,46,5,6,44,41,31,/content/generated_inputs_trafficsigns_blackout2/blackout_Wild animals crossing_Bicycles crossing_Speed limit_120 km-h_16.png
49,46,5,6,44,41,31,/content/generated_inputs_trafficsigns_light1/light_Yield_Yield_Speed limit_50 km-h_31.png
49,46,5,6,44,41,31,/content/generated_inputs_trafficsigns_light2/light_Yield_Yield_Speed limit_50 km-h_31.png
49,46,5,6,44,41,31,/content/generated_inputs_trafficsigns_occl2/occl_Speed limit_70 km-h_Keep right_Speed limit_60 km-h_31.png
49,46,5,6,44,41,31,/content/generated_inputs_trafficsigns_occl1/occl_No passing for vehicles over 3.5 metric tons_Speed limit_100 km-h_No passing for vehicles over 3.5 metric tons_31.png
49,46,5,6,44,41,31,/content/generated_inputs_trafficsigns_occl0/occl_Turn left ahead_Wild animals crossing_Wild animals crossing_31.png
49,46,5,6,44,41,31,/content/generated_inputs_trafficsigns_light0/light_Dangerous curve to the left_Wild animals crossing_Turn right ahead_31.png
105,110,10,10,96,101,36,/content/generated_inputs_trafficsigns_blackout2/blackout_Go straight or right_Priority road_Go straight or right_17.png
48,51,5,5,43,46,3,/content/generated_inputs_trafficsigns_blackout2/blackout_Bicycles crossing_End of speed limit_80 km-h_Speed limit_20 km-h_18.png
48,51,5,5,43,46,3,/content/generated_inputs_trafficsigns_blackout1/blackout_Bicycles crossing_End of speed limit_80 km-h_Speed limit_20 km-h_15.png
48,51,5,5,43,46,3,/content/generated_inputs_trafficsigns_light1/light_Yield_Yield_Speed limit_50 km-h_34.png
48,51,5,5,43,46,3,/content/generated_inputs_trafficsigns_light2/light_Yield_Yield_Speed limit_50 km-h_34.png
48,51,5,5,43,46,3,/content/generated_inputs_trafficsigns_occl2/occl_No passing for vehicles over 3.5 metric tons_Speed limit_60 km-h_Speed limit_60 km-h_34.png
48,51,5,5,43,46,3,/content/generated_inputs_trafficsigns_occl1/occl_Vehicles over 3.5 metric tons prohibited_Keep right_Speed limit_60 km-h_34.png
48,51,5,5,43,46,3,/content/generated_inputs_trafficsigns_occl0/occl_Keep left_Speed limit_120 km-h_Wild animals crossing_34.png
48,51,5,5,43,46,3,/content/generated_inputs_trafficsigns_light0/light_Dangerous curve to the left_Wild animals crossing_Turn right ahead_34.png
117,111,11,9,107,102,31,/content/generated_inputs_trafficsigns_blackout2/blackout_Bicycles crossing_Vehicles over 3.5 metric tons prohibited_Yield_19.png
117,111,11,9,107,102,31,/content/generated_inputs_trafficsigns_blackout1/blackout_Bicycles crossing_Vehicles over 3.5 metric tons prohibited_Yield_16.png
117,111,11,9,107,102,31,/content/generated_inputs_trafficsigns_light1/light_Yield_Yield_Speed limit_50 km-h_36.png
117,111,11,9,107,102,31,/content/generated_inputs_trafficsigns_light2/light_Dangerous curve to the left_Wild animals crossing_Turn right ahead_36.png
117,111,11,9,107,102,31,/content/generated_inputs_trafficsigns_occl2/occl_Speed limit_60 km-h_Keep right_Speed limit_60 km-h_36.png
117,111,11,9,107,102,31,/content/generated_inputs_trafficsigns_occl1/occl_No passing for vehicles over 3.5 metric tons_Speed limit_100 km-h_No passing for vehicles over 3.5 metric tons_36.png
117,111,11,9,107,102,31,/content/generated_inputs_trafficsigns_occl0/occl_Wild animals crossing_Road work_Wild animals crossing_36.png
117,111,11,9,107,102,31,/content/generated_inputs_trafficsigns_light0/light_Dangerous curve to the left_Wild animals crossing_Turn right ahead_36.png
30,32,6,6,25,27,38,/content/generated_inputs_trafficsigns_blackout2/blackout_Keep right_Keep right_No vehicles_21.png
30,32,6,6,25,27,38,/content/generated_inputs_trafficsigns_blackout1/blackout_Speed limit_120 km-h_Go straight or right_No vehicles_18.png
45,39,6,5,39,34,26,/content/generated_inputs_trafficsigns_blackout2/blackout_Speed limit_70 km-h_Speed limit_100 km-h_General caution_23.png
45,39,6,5,39,34,26,/content/generated_inputs_trafficsigns_blackout1/blackout_Speed limit_70 km-h_Speed limit_100 km-h_General caution_21.png
45,39,6,5,39,34,26,/content/generated_inputs_trafficsigns_light1/light_Dangerous curve to the left_Wild animals crossing_Turn right ahead_41.png
45,39,6,5,39,34,26,/content/generated_inputs_trafficsigns_light2/light_Dangerous curve to the left_Wild animals crossing_Turn right ahead_41.png
45,39,6,5,39,34,26,/content/generated_inputs_trafficsigns_occl2/occl_No passing for vehicles over 3.5 metric tons_General caution_Dangerous curve to the right_41.png
45,39,6,5,39,34,26,/content/generated_inputs_trafficsigns_occl1/occl_No passing for vehicles over 3.5 metric tons_Beware of ice-snow_No passing for vehicles over 3.5 metric tons_41.png
45,39,6,5,39,34,26,/content/generated_inputs_trafficsigns_occl0/occl_Traffic signals_Speed limit_120 km-h_Traffic signals_41.png
45,39,6,5,39,34,26,/content/generated_inputs_trafficsigns_light0/light_Dangerous curve to the left_Wild animals crossing_Turn right ahead_41.png
39,39,5,6,33,34,1,/content/generated_inputs_trafficsigns_blackout2/blackout_Yield_Speed limit_30 km-h_Speed limit_30 km-h_24.png
39,39,5,6,33,34,1,/content/generated_inputs_trafficsigns_blackout1/blackout_No entry_Right-of-way at the next intersection_Stop_22.png
34,39,5,5,29,34,17,/content/generated_inputs_trafficsigns_blackout2/blackout_Bicycles crossing_Bumpy road_No vehicles_25.png
39,41,5,5,34,36,10,/content/generated_inputs_trafficsigns_blackout2/blackout_Keep right_Slippery road_Slippery road_26.png
34,34,6,6,29,29,3,/content/generated_inputs_trafficsigns_blackout2/blackout_Stop_General caution_Stop_27.png
34,34,6,6,29,29,3,/content/generated_inputs_trafficsigns_blackout1/blackout_Yield_Speed limit_100 km-h_Stop_24.png
84,62,7,6,76,57,10,/content/generated_inputs_trafficsigns_blackout2/blackout_No passing for vehicles over 3.5 metric tons_Speed limit_60 km-h_No passing for vehicles over 3.5 metric tons_28.png
84,62,7,6,76,57,10,/content/generated_inputs_trafficsigns_blackout1/blackout_No passing for vehicles over 3.5 metric tons_Speed limit_60 km-h_No passing for vehicles over 3.5 metric tons_26.png
84,62,7,6,76,57,10,/content/generated_inputs_trafficsigns_blackout0/blackout_Yield_Yield_No passing for vehicles over 3.5 metric tons_26.png
84,84,8,7,77,77,16,/content/generated_inputs_trafficsigns_blackout2/blackout_Priority road_End of speed limit_80 km-h_Vehicles over 3.5 metric tons prohibited_29.png
84,84,8,7,77,77,16,/content/generated_inputs_trafficsigns_blackout1/blackout_Priority road_End of speed limit_80 km-h_Vehicles over 3.5 metric tons prohibited_27.png
46,45,6,5,41,40,12,/content/generated_inputs_trafficsigns_blackout2/blackout_Priority road_General caution_Go straight or right_30.png
46,45,6,5,41,40,12,/content/generated_inputs_trafficsigns_blackout1/blackout_Priority road_General caution_Go straight or right_28.png
46,45,6,5,41,40,12,/content/generated_inputs_trafficsigns_light1/light_Dangerous curve to the left_Wild animals crossing_Turn right ahead_56.png
46,45,6,5,41,40,12,/content/generated_inputs_trafficsigns_light2/light_Yield_Yield_Speed limit_50 km-h_56.png
46,45,6,5,41,40,12,/content/generated_inputs_trafficsigns_occl2/occl_No passing for vehicles over 3.5 metric tons_Speed limit_100 km-h_Vehicles over 3.5 metric tons prohibited_56.png
46,45,6,5,41,40,12,/content/generated_inputs_trafficsigns_occl1/occl_No passing for vehicles over 3.5 metric tons_End of no passing for vehicles over 3.5 metric tons_No passing for vehicles over 3.5 metric tons_56.png
46,45,6,5,41,40,12,/content/generated_inputs_trafficsigns_occl0/occl_Right-of-way at the next intersection_Yield_Priority road_56.png
46,45,6,5,41,40,12,/content/generated_inputs_trafficsigns_light0/light_Dangerous curve to the left_Wild animals crossing_Turn right ahead_56.png
51,50,6,5,46,45,6,/content/generated_inputs_trafficsigns_blackout2/blackout_Pedestrians_Slippery road_General caution_31.png
51,50,6,5,46,45,6,/content/generated_inputs_trafficsigns_blackout1/blackout_Pedestrians_Slippery road_General caution_29.png
72,69,6,6,66,62,13,/content/generated_inputs_trafficsigns_blackout2/blackout_Yield_Right-of-way at the next intersection_Right-of-way at the next intersection_32.png
72,69,6,6,66,62,13,/content/generated_inputs_trafficsigns_blackout1/blackout_Yield_Right-of-way at the next intersection_Right-of-way at the next intersection_30.png
72,69,6,6,66,62,13,/content/generated_inputs_trafficsigns_light1/light_Dangerous curve to the left_Wild animals crossing_Turn right ahead_60.png
72,69,6,6,66,62,13,/content/generated_inputs_trafficsigns_light2/light_Yield_Yield_Speed limit_50 km-h_60.png
72,69,6,6,66,62,13,/content/generated_inputs_trafficsigns_occl2/occl_Keep right_Keep right_Speed limit_60 km-h_60.png
72,69,6,6,66,62,13,/content/generated_inputs_trafficsigns_occl1/occl_No passing for vehicles over 3.5 metric tons_Speed limit_100 km-h_No passing for vehicles over 3.5 metric tons_60.png
72,69,6,6,66,62,13,/content/generated_inputs_trafficsigns_occl0/occl_Dangerous curve to the right_Yield_Yield_60.png
72,69,6,6,66,62,13,/content/generated_inputs_trafficsigns_light0/light_Dangerous curve to the left_Wild animals crossing_Turn right ahead_60.png
56,50,6,6,51,45,23,/content/generated_inputs_trafficsigns_blackout2/blackout_Beware of ice-snow_Keep left_Slippery road_33.png
56,50,6,6,51,45,23,/content/generated_inputs_trafficsigns_blackout1/blackout_Beware of ice-snow_Ahead only_Children crossing_31.png
56,50,6,6,51,45,23,/content/generated_inputs_trafficsigns_light1/light_Dangerous curve to the left_Wild animals crossing_Turn right ahead_63.png
56,50,6,6,51,45,23,/content/generated_inputs_trafficsigns_light2/light_Yield_Yield_Speed limit_50 km-h_63.png
56,50,6,6,51,45,23,/content/generated_inputs_trafficsigns_occl2/occl_No passing for vehicles over 3.5 metric tons_Speed limit_60 km-h_No passing for vehicles over 3.5 metric tons_63.png
56,50,6,6,51,45,23,/content/generated_inputs_trafficsigns_occl1/occl_No passing for vehicles over 3.5 metric tons_Go straight or right_Dangerous curve to the right_63.png
56,50,6,6,51,45,23,/content/generated_inputs_trafficsigns_occl0/occl_Wild animals crossing_Road work_Wild animals crossing_63.png
56,50,6,6,51,45,23,/content/generated_inputs_trafficsigns_light0/light_Dangerous curve to the left_Wild animals crossing_Turn right ahead_63.png
56,50,6,6,51,45,23,/content/generated_inputs_trafficsigns_blackout0/blackout_Yield_Yield_Speed limit_50 km-h_32.png
33,33,6,6,28,28,38,/content/generated_inputs_trafficsigns_blackout2/blackout_Keep right_Road work_End of all speed and passing limits_34.png
29,30,6,6,24,25,3,/content/generated_inputs_trafficsigns_blackout2/blackout_Bicycles crossing_Bicycles crossing_No passing for vehicles over 3.5 metric tons_36.png
49,53,6,6,44,48,38,/content/generated_inputs_trafficsigns_blackout2/blackout_Bicycles crossing_End of speed limit_80 km-h_Speed limit_80 km-h_37.png
57,50,6,6,52,45,13,/content/generated_inputs_trafficsigns_blackout2/blackout_No vehicles_Road work_Bicycles crossing_39.png
57,50,6,6,52,45,13,/content/generated_inputs_trafficsigns_light1/light_Dangerous curve to the left_Wild animals crossing_Turn right ahead_78.png
57,50,6,6,52,45,13,/content/generated_inputs_trafficsigns_light2/light_Yield_Yield_Speed limit_50 km-h_78.png
57,50,6,6,52,45,13,/content/generated_inputs_trafficsigns_occl2/occl_Speed limit_60 km-h_Keep right_Speed limit_60 km-h_78.png
57,50,6,6,52,45,13,/content/generated_inputs_trafficsigns_occl1/occl_No passing for vehicles over 3.5 metric tons_Speed limit_100 km-h_No passing for vehicles over 3.5 metric tons_78.png
57,50,6,6,52,45,13,/content/generated_inputs_trafficsigns_occl0/occl_Road work_Yield_Yield_78.png
57,50,6,6,52,45,13,/content/generated_inputs_trafficsigns_light0/light_Dangerous curve to the left_Wild animals crossing_Turn right ahead_78.png
193,170,16,14,177,156,25,/content/generated_inputs_trafficsigns_blackout2/blackout_Bicycles crossing_End of speed limit_80 km-h_Vehicles over 3.5 metric tons prohibited_40.png
193,170,16,14,177,156,25,/content/generated_inputs_trafficsigns_light1/light_Dangerous curve to the left_Wild animals crossing_Turn right ahead_80.png
193,170,16,14,177,156,25,/content/generated_inputs_trafficsigns_light2/light_Yield_Yield_Speed limit_50 km-h_80.png
193,170,16,14,177,156,25,/content/generated_inputs_trafficsigns_occl2/occl_Speed limit_60 km-h_Keep right_Speed limit_60 km-h_80.png
193,170,16,14,177,156,25,/content/generated_inputs_trafficsigns_occl1/occl_No passing for vehicles over 3.5 metric tons_Road work_No passing for vehicles over 3.5 metric tons_80.png
193,170,16,14,177,156,25,/content/generated_inputs_trafficsigns_occl0/occl_Wild animals crossing_Road work_Road work_80.png
193,170,16,14,177,156,25,/content/generated_inputs_trafficsigns_light0/light_Dangerous curve to the left_Wild animals crossing_Turn right ahead_80.png
42,41,5,5,37,36,13,/content/generated_inputs_trafficsigns_blackout2/blackout_No vehicles_Priority road_Yield_41.png
42,41,5,5,37,36,13,/content/generated_inputs_trafficsigns_blackout1/blackout_Speed limit_70 km-h_Traffic signals_Stop_37.png
42,41,5,5,37,36,13,/content/generated_inputs_trafficsigns_blackout0/blackout_Children crossing_Yield_Children crossing_39.png
50,48,5,5,45,43,8,/content/generated_inputs_trafficsigns_blackout2/blackout_Wild animals crossing_Speed limit_100 km-h_Speed limit_120 km-h_42.png
50,48,5,5,45,43,8,/content/generated_inputs_trafficsigns_light1/light_Dangerous curve to the left_Wild animals crossing_Turn right ahead_86.png
50,48,5,5,45,43,8,/content/generated_inputs_trafficsigns_light2/light_Dangerous curve to the left_Wild animals crossing_Turn right ahead_86.png
50,48,5,5,45,43,8,/content/generated_inputs_trafficsigns_occl2/occl_No passing for vehicles over 3.5 metric tons_Speed limit_120 km-h_Dangerous curve to the right_86.png
50,48,5,5,45,43,8,/content/generated_inputs_trafficsigns_occl1/occl_No passing for vehicles over 3.5 metric tons_Speed limit_60 km-h_No passing for vehicles over 3.5 metric tons_86.png
50,48,5,5,45,43,8,/content/generated_inputs_trafficsigns_occl0/occl_Children crossing_Speed limit_120 km-h_Speed limit_120 km-h_86.png
50,48,5,5,45,43,8,/content/generated_inputs_trafficsigns_light0/light_Dangerous curve to the left_Wild animals crossing_Turn right ahead_86.png
50,48,5,5,45,43,8,/content/generated_inputs_trafficsigns_blackout0/blackout_Speed limit_70 km-h_Keep left_Beware of ice-snow_41.png
56,55,6,5,51,50,10,/content/generated_inputs_trafficsigns_blackout2/blackout_No vehicles_Wild animals crossing_General caution_43.png
30,31,6,6,25,26,12,/content/generated_inputs_trafficsigns_blackout2/blackout_Speed limit_120 km-h_Priority road_End of all speed and passing limits_44.png
30,31,6,6,25,26,12,/content/generated_inputs_trafficsigns_light1/light_Yield_Yield_Speed limit_50 km-h_91.png
30,31,6,6,25,26,12,/content/generated_inputs_trafficsigns_light2/light_Yield_Yield_Speed limit_50 km-h_91.png
30,31,6,6,25,26,12,/content/generated_inputs_trafficsigns_occl2/occl_No passing for vehicles over 3.5 metric tons_Go straight or right_Speed limit_60 km-h_91.png
30,31,6,6,25,26,12,/content/generated_inputs_trafficsigns_occl1/occl_No passing for vehicles over 3.5 metric tons_Keep right_No passing for vehicles over 3.5 metric tons_91.png
30,31,6,6,25,26,12,/content/generated_inputs_trafficsigns_occl0/occl_Keep left_No vehicles_Wild animals crossing_91.png
30,31,6,6,25,26,12,/content/generated_inputs_trafficsigns_light0/light_Dangerous curve to the left_Wild animals crossing_Turn right ahead_91.png
30,29,6,6,25,24,38,/content/generated_inputs_trafficsigns_blackout2/blackout_Yield_Road narrows on the right_Speed limit_50 km-h_45.png
30,29,6,6,25,24,38,/content/generated_inputs_trafficsigns_light1/light_Yield_Yield_Speed limit_50 km-h_94.png
30,29,6,6,25,24,38,/content/generated_inputs_trafficsigns_light2/light_Dangerous curve to the left_Wild animals crossing_Turn right ahead_94.png
30,29,6,6,25,24,38,/content/generated_inputs_trafficsigns_occl2/occl_No passing for vehicles over 3.5 metric tons_Keep right_Dangerous curve to the right_94.png
30,29,6,6,25,24,38,/content/generated_inputs_trafficsigns_occl1/occl_No passing for vehicles over 3.5 metric tons_End of speed limit_80 km-h_Speed limit_60 km-h_94.png
30,29,6,6,25,24,38,/content/generated_inputs_trafficsigns_occl0/occl_Turn left ahead_Keep right_Keep right_94.png
30,29,6,6,25,24,38,/content/generated_inputs_trafficsigns_light0/light_Dangerous curve to the left_Wild animals crossing_Turn right ahead_94.png
30,29,6,6,25,24,38,/content/generated_inputs_trafficsigns_blackout0/blackout_Yield_Road narrows on the right_Speed limit_50 km-h_46.png
65,65,6,6,60,60,10,/content/generated_inputs_trafficsigns_blackout2/blackout_No passing for vehicles over 3.5 metric tons_Speed limit_60 km-h_No passing for vehicles over 3.5 metric tons_47.png
65,65,6,6,60,60,10,/content/generated_inputs_trafficsigns_blackout0/blackout_No passing for vehicles over 3.5 metric tons_Speed limit_60 km-h_No passing for vehicles over 3.5 metric tons_48.png
27,28,5,5,22,23,17,/content/generated_inputs_trafficsigns_blackout2/blackout_Speed limit_120 km-h_End of all speed and passing limits_No entry_48.png
27,28,5,5,22,23,17,/content/generated_inputs_trafficsigns_blackout0/blackout_Speed limit_120 km-h_End of all speed and passing limits_No entry_49.png
32,34,5,6,27,29,2,/content/generated_inputs_trafficsigns_blackout2/blackout_End of no passing_Speed limit_30 km-h_Double curve_49.png
32,34,5,6,27,29,2,/content/generated_inputs_trafficsigns_blackout0/blackout_Ahead only_Speed limit_70 km-h_Speed limit_80 km-h_50.png
44,48,5,5,39,43,15,/content/generated_inputs_trafficsigns_blackout2/blackout_Keep left_No vehicles_Speed limit_120 km-h_50.png
44,48,5,5,39,43,15,/content/generated_inputs_trafficsigns_blackout1/blackout_No vehicles_No vehicles_Speed limit_30 km-h_49.png
44,48,5,5,39,43,15,/content/generated_inputs_trafficsigns_light1/light_Dangerous curve to the left_Wild animals crossing_Turn right ahead_104.png
44,48,5,5,39,43,15,/content/generated_inputs_trafficsigns_light2/light_Yield_Yield_Speed limit_50 km-h_104.png
44,48,5,5,39,43,15,/content/generated_inputs_trafficsigns_occl2/occl_No passing for vehicles over 3.5 metric tons_Speed limit_60 km-h_No passing for vehicles over 3.5 metric tons_104.png
44,48,5,5,39,43,15,/content/generated_inputs_trafficsigns_occl1/occl_Speed limit_120 km-h_Go straight or right_Speed limit_120 km-h_104.png
44,48,5,5,39,43,15,/content/generated_inputs_trafficsigns_occl0/occl_Turn left ahead_No vehicles_Speed limit_30 km-h_104.png
44,48,5,5,39,43,15,/content/generated_inputs_trafficsigns_light0/light_Dangerous curve to the left_Wild animals crossing_Turn right ahead_104.png
38,38,6,6,32,33,7,/content/generated_inputs_trafficsigns_blackout2/blackout_Speed limit_30 km-h_End of all speed and passing limits_End of speed limit_80 km-h_52.png
110,112,9,9,101,103,10,/content/generated_inputs_trafficsigns_blackout2/blackout_No vehicles_Wild animals crossing_Speed limit_80 km-h_54.png
110,112,9,9,101,103,10,/content/generated_inputs_trafficsigns_blackout1/blackout_No passing for vehicles over 3.5 metric tons_Speed limit_60 km-h_No passing for vehicles over 3.5 metric tons_51.png
110,112,9,9,101,103,10,/content/generated_inputs_trafficsigns_light1/light_Dangerous curve to the left_Wild animals crossing_Turn right ahead_109.png
110,112,9,9,101,103,10,/content/generated_inputs_trafficsigns_light2/light_Yield_Yield_Speed limit_50 km-h_109.png
110,112,9,9,101,103,10,/content/generated_inputs_trafficsigns_occl1/occl_No passing for vehicles over 3.5 metric tons_Speed limit_60 km-h_No passing for vehicles over 3.5 metric tons_109.png
110,112,9,9,101,103,10,/content/generated_inputs_trafficsigns_occl0/occl_End of no passing for vehicles over 3.5 metric tons_No passing for vehicles over 3.5 metric tons_Wild animals crossing_109.png
110,112,9,9,101,103,10,/content/generated_inputs_trafficsigns_light0/light_Dangerous curve to the left_Wild animals crossing_Turn right ahead_109.png
57,58,5,6,52,53,12,/content/generated_inputs_trafficsigns_blackout2/blackout_Speed limit_80 km-h_Priority road_Children crossing_55.png
57,58,5,6,52,53,12,/content/generated_inputs_trafficsigns_blackout0/blackout_Yield_Yield_No passing for vehicles over 3.5 metric tons_53.png
64,65,5,6,59,60,31,/content/generated_inputs_trafficsigns_blackout2/blackout_No entry_Road work_Yield_56.png
64,65,5,6,59,60,31,/content/generated_inputs_trafficsigns_light1/light_Dangerous curve to the left_Wild animals crossing_Turn right ahead_113.png
64,65,5,6,59,60,31,/content/generated_inputs_trafficsigns_light2/light_Yield_Yield_Speed limit_50 km-h_113.png
64,65,5,6,59,60,31,/content/generated_inputs_trafficsigns_occl2/occl_No passing for vehicles over 3.5 metric tons_Speed limit_60 km-h_Speed limit_60 km-h_113.png
64,65,5,6,59,60,31,/content/generated_inputs_trafficsigns_occl1/occl_No passing for vehicles over 3.5 metric tons_Speed limit_100 km-h_No passing for vehicles over 3.5 metric tons_113.png
64,65,5,6,59,60,31,/content/generated_inputs_trafficsigns_occl0/occl_Turn left ahead_Wild animals crossing_Wild animals crossing_113.png
64,65,5,6,59,60,31,/content/generated_inputs_trafficsigns_light0/light_Dangerous curve to the left_Wild animals crossing_Turn right ahead_113.png
50,51,5,6,45,46,2,/content/generated_inputs_trafficsigns_blackout2/blackout_Speed limit_120 km-h_Priority road_Speed limit_120 km-h_58.png
50,51,5,6,45,46,2,/content/generated_inputs_trafficsigns_blackout1/blackout_Keep left_Speed limit_120 km-h_Speed limit_50 km-h_54.png
50,51,5,6,45,46,2,/content/generated_inputs_trafficsigns_light1/light_Dangerous curve to the left_Wild animals crossing_Turn right ahead_118.png
50,51,5,6,45,46,2,/content/generated_inputs_trafficsigns_light2/light_Yield_Yield_Speed limit_50 km-h_118.png
50,51,5,6,45,46,2,/content/generated_inputs_trafficsigns_occl2/occl_No passing for vehicles over 3.5 metric tons_Go straight or right_Dangerous curve to the left_118.png
50,51,5,6,45,46,2,/content/generated_inputs_trafficsigns_occl1/occl_No passing for vehicles over 3.5 metric tons_General caution_No passing for vehicles over 3.5 metric tons_118.png
50,51,5,6,45,46,2,/content/generated_inputs_trafficsigns_occl0/occl_Keep left_Speed limit_120 km-h_Speed limit_30 km-h_118.png
50,51,5,6,45,46,2,/content/generated_inputs_trafficsigns_light0/light_Dangerous curve to the left_Wild animals crossing_Turn right ahead_118.png
28,29,5,5,23,23,38,/content/generated_inputs_trafficsigns_blackout2/blackout_Bicycles crossing_General caution_General caution_59.png
28,29,5,5,23,23,38,/content/generated_inputs_trafficsigns_blackout1/blackout_General caution_Keep right_Keep right_56.png
28,29,5,5,23,23,38,/content/generated_inputs_trafficsigns_light1/light_Yield_Yield_Speed limit_50 km-h_121.png
28,29,5,5,23,23,38,/content/generated_inputs_trafficsigns_light2/light_Dangerous curve to the left_Wild animals crossing_Turn right ahead_121.png
28,29,5,5,23,23,38,/content/generated_inputs_trafficsigns_occl2/occl_Stop_Keep right_Dangerous curve to the right_121.png
28,29,5,5,23,23,38,/content/generated_inputs_trafficsigns_occl1/occl_Speed limit_60 km-h_Go straight or right_Speed limit_60 km-h_121.png
28,29,5,5,23,23,38,/content/generated_inputs_trafficsigns_occl0/occl_Keep right_Speed limit_120 km-h_Keep right_121.png
28,29,5,5,23,23,38,/content/generated_inputs_trafficsigns_light0/light_Dangerous curve to the left_Wild animals crossing_Turn right ahead_121.png
27,32,5,6,22,26,17,/content/generated_inputs_trafficsigns_blackout2/blackout_Speed limit_20 km-h_Speed limit_70 km-h_Children crossing_60.png
33,31,5,5,28,25,10,/content/generated_inputs_trafficsigns_blackout2/blackout_Road work_No passing for vehicles over 3.5 metric tons_Speed limit_80 km-h_61.png
29,33,5,6,23,28,33,/content/generated_inputs_trafficsigns_blackout2/blackout_Priority road_Right-of-way at the next intersection_Right-of-way at the next intersection_62.png
96,85,8,7,88,78,23,/content/generated_inputs_trafficsigns_blackout2/blackout_Yield_Road work_Speed limit_50 km-h_63.png
33,32,6,5,28,27,5,/content/generated_inputs_trafficsigns_blackout2/blackout_No passing_Speed limit_60 km-h_No passing for vehicles over 3.5 metric tons_64.png
36,36,6,6,31,31,8,/content/generated_inputs_trafficsigns_blackout2/blackout_Keep left_No vehicles_Speed limit_100 km-h_65.png
36,36,6,6,31,31,8,/content/generated_inputs_trafficsigns_blackout0/blackout_Stop_Bumpy road_Yield_70.png
29,27,6,6,24,21,27,/content/generated_inputs_trafficsigns_blackout2/blackout_Priority road_End of speed limit_80 km-h_End of speed limit_80 km-h_66.png
29,27,6,6,24,21,27,/content/generated_inputs_trafficsigns_blackout1/blackout_Priority road_End of speed limit_80 km-h_End of speed limit_80 km-h_69.png
34,35,5,6,29,30,38,/content/generated_inputs_trafficsigns_blackout2/blackout_Yield_Road narrows on the right_Yield_67.png
34,35,5,6,29,30,38,/content/generated_inputs_trafficsigns_blackout1/blackout_Road work_Yield_Keep right_70.png
34,35,5,6,29,30,38,/content/generated_inputs_trafficsigns_light1/light_Yield_Yield_Speed limit_50 km-h_151.png
34,35,5,6,29,30,38,/content/generated_inputs_trafficsigns_light2/light_Dangerous curve to the left_Wild animals crossing_Turn right ahead_151.png
34,35,5,6,29,30,38,/content/generated_inputs_trafficsigns_occl2/occl_Stop_Keep right_Speed limit_60 km-h_151.png
34,35,5,6,29,30,38,/content/generated_inputs_trafficsigns_occl1/occl_No passing for vehicles over 3.5 metric tons_Speed limit_100 km-h_Speed limit_120 km-h_151.png
34,35,5,6,29,30,38,/content/generated_inputs_trafficsigns_occl0/occl_Turn left ahead_Keep right_Keep right_151.png
34,35,5,6,29,30,38,/content/generated_inputs_trafficsigns_light0/light_Turn right ahead_Wild animals crossing_Turn right ahead_151.png
77,71,7,7,70,65,11,/content/generated_inputs_trafficsigns_blackout2/blackout_Wild animals crossing_Slippery road_General caution_68.png
77,71,7,7,70,65,11,/content/generated_inputs_trafficsigns_blackout1/blackout_Bicycles crossing_End of speed limit_80 km-h_Vehicles over 3.5 metric tons prohibited_36.png
77,71,7,7,70,65,11,/content/generated_inputs_trafficsigns_light1/light_Dangerous curve to the left_Wild animals crossing_Turn right ahead_79.png
77,71,7,7,70,65,11,/content/generated_inputs_trafficsigns_light2/light_Yield_Yield_Speed limit_50 km-h_79.png
77,71,7,7,70,65,11,/content/generated_inputs_trafficsigns_occl2/occl_Speed limit_70 km-h_General caution_General caution_79.png
77,71,7,7,70,65,11,/content/generated_inputs_trafficsigns_occl1/occl_No passing for vehicles over 3.5 metric tons_Right-of-way at the next intersection_Right-of-way at the next intersection_79.png
77,71,7,7,70,65,11,/content/generated_inputs_trafficsigns_occl0/occl_Wild animals crossing_Right-of-way at the next intersection_Right-of-way at the next intersection_79.png
77,71,7,7,70,65,11,/content/generated_inputs_trafficsigns_light0/light_Dangerous curve to the left_Wild animals crossing_Turn right ahead_79.png
80,77,8,7,73,71,36,/content/generated_inputs_trafficsigns_blackout2/blackout_No vehicles_No passing_Yield_69.png
35,36,5,5,30,30,13,/content/generated_inputs_trafficsigns_blackout2/blackout_Road work_Children crossing_No vehicles_70.png
35,36,5,5,30,30,13,/content/generated_inputs_trafficsigns_blackout1/blackout_Road work_Yield_No passing for vehicles over 3.5 metric tons_73.png
38,33,5,6,33,28,13,/content/generated_inputs_trafficsigns_blackout2/blackout_Yield_Yield_No passing for vehicles over 3.5 metric tons_72.png
38,33,5,6,33,28,13,/content/generated_inputs_trafficsigns_blackout1/blackout_No passing_Yield_No passing for vehicles over 3.5 metric tons_75.png
38,33,5,6,33,28,13,/content/generated_inputs_trafficsigns_blackout0/blackout_Road work_Yield_Yield_78.png
48,46,5,5,43,41,12,/content/generated_inputs_trafficsigns_blackout2/blackout_Speed limit_20 km-h_Speed limit_70 km-h_Speed limit_30 km-h_75.png
48,46,5,5,43,41,12,/content/generated_inputs_trafficsigns_blackout1/blackout_Priority road_Speed limit_100 km-h_Slippery road_78.png
48,46,5,5,43,41,12,/content/generated_inputs_trafficsigns_light1/light_Dangerous curve to the left_Wild animals crossing_Turn right ahead_164.png
48,46,5,5,43,41,12,/content/generated_inputs_trafficsigns_light2/light_Yield_Yield_Speed limit_50 km-h_164.png
48,46,5,5,43,41,12,/content/generated_inputs_trafficsigns_occl2/occl_Right-of-way at the next intersection_Turn left ahead_Dangerous curve to the right_164.png
48,46,5,5,43,41,12,/content/generated_inputs_trafficsigns_occl1/occl_No passing for vehicles over 3.5 metric tons_Speed limit_60 km-h_No passing for vehicles over 3.5 metric tons_164.png
48,46,5,5,43,41,12,/content/generated_inputs_trafficsigns_occl0/occl_Turn left ahead_Priority road_Priority road_164.png
48,46,5,5,43,41,12,/content/generated_inputs_trafficsigns_light0/light_Dangerous curve to the left_Wild animals crossing_Turn right ahead_164.png
31,31,6,5,26,26,5,/content/generated_inputs_trafficsigns_blackout2/blackout_No vehicles_Speed limit_80 km-h_No passing_76.png
39,39,5,6,34,34,5,/content/generated_inputs_trafficsigns_blackout2/blackout_Speed limit_80 km-h_No vehicles_Yield_77.png
53,52,6,5,48,47,4,/content/generated_inputs_trafficsigns_blackout2/blackout_Priority road_Dangerous curve to the left_Vehicles over 3.5 metric tons prohibited_78.png
38,38,5,5,33,33,2,/content/generated_inputs_trafficsigns_blackout2/blackout_No passing for vehicles over 3.5 metric tons_Speed limit_60 km-h_No passing for vehicles over 3.5 metric tons_79.png
61,63,5,6,56,58,6,/content/generated_inputs_trafficsigns_blackout2/blackout_Speed limit_120 km-h_Priority road_Speed limit_70 km-h_80.png
61,63,5,6,56,58,6,/content/generated_inputs_trafficsigns_blackout1/blackout_General caution_Speed limit_70 km-h_General caution_238.png
61,63,5,6,56,58,6,/content/generated_inputs_trafficsigns_light1/light_Dangerous curve to the left_Wild animals crossing_Turn right ahead_47.png
61,63,5,6,56,58,6,/content/generated_inputs_trafficsigns_light2/light_Yield_Yield_Speed limit_50 km-h_47.png
61,63,5,6,56,58,6,/content/generated_inputs_trafficsigns_occl2/occl_Speed limit_60 km-h_Keep right_Speed limit_60 km-h_47.png
61,63,5,6,56,58,6,/content/generated_inputs_trafficsigns_occl1/occl_No passing for vehicles over 3.5 metric tons_Speed limit_100 km-h_Traffic signals_47.png
61,63,5,6,56,58,6,/content/generated_inputs_trafficsigns_occl0/occl_Turn left ahead_Speed limit_120 km-h_Wild animals crossing_47.png
61,63,5,6,56,58,6,/content/generated_inputs_trafficsigns_light0/light_Dangerous curve to the left_Wild animals crossing_Turn right ahead_47.png
61,63,5,6,56,58,6,/content/generated_inputs_trafficsigns_blackout0/blackout_No passing_Yield_No passing for vehicles over 3.5 metric tons_23.png
60,57,6,6,55,52,18,/content/generated_inputs_trafficsigns_blackout2/blackout_No vehicles_General caution_General caution_81.png
28,30,5,6,23,25,6,/content/generated_inputs_trafficsigns_blackout2/blackout_Beware of ice-snow_Keep left_Beware of ice-snow_82.png
27,27,6,6,22,22,4,/content/generated_inputs_trafficsigns_blackout2/blackout_Ahead only_Yield_Turn right ahead_83.png
61,56,6,6,56,51,13,/content/generated_inputs_trafficsigns_blackout2/blackout_General caution_Slippery road_General caution_84.png
55,55,6,6,50,50,12,/content/generated_inputs_trafficsigns_blackout2/blackout_Priority road_End of no passing_Priority road_86.png
58,65,6,6,53,60,6,/content/generated_inputs_trafficsigns_blackout2/blackout_General caution_Slippery road_General caution_87.png
58,65,6,6,53,60,6,/content/generated_inputs_trafficsigns_blackout1/blackout_General caution_Slippery road_Slippery road_90.png
106,94,10,9,97,86,24,/content/generated_inputs_trafficsigns_blackout2/blackout_No vehicles_Wild animals crossing_Speed limit_30 km-h_88.png
106,94,10,9,97,86,24,/content/generated_inputs_trafficsigns_light1/light_Dangerous curve to the left_Wild animals crossing_Turn right ahead_192.png
106,94,10,9,97,86,24,/content/generated_inputs_trafficsigns_light2/light_Yield_Yield_Speed limit_50 km-h_192.png
106,94,10,9,97,86,24,/content/generated_inputs_trafficsigns_occl2/occl_No passing for vehicles over 3.5 metric tons_Speed limit_60 km-h_Speed limit_60 km-h_192.png
106,94,10,9,97,86,24,/content/generated_inputs_trafficsigns_occl1/occl_No entry_Keep right_Stop_192.png
106,94,10,9,97,86,24,/content/generated_inputs_trafficsigns_occl0/occl_Turn left ahead_Children crossing_Wild animals crossing_192.png
106,94,10,9,97,86,24,/content/generated_inputs_trafficsigns_light0/light_Dangerous curve to the left_Wild animals crossing_Turn right ahead_192.png
106,94,10,9,97,86,24,/content/generated_inputs_trafficsigns_blackout0/blackout_Bicycles crossing_General caution_Bicycles crossing_94.png
75,75,7,7,69,69,16,/content/generated_inputs_trafficsigns_blackout2/blackout_No passing_Speed limit_70 km-h_No passing for vehicles over 3.5 metric tons_89.png
75,75,7,7,69,69,16,/content/generated_inputs_trafficsigns_blackout1/blackout_No passing_Speed limit_70 km-h_No passing for vehicles over 3.5 metric tons_93.png
48,49,6,5,43,44,7,/content/generated_inputs_trafficsigns_blackout2/blackout_General caution_Slippery road_General caution_90.png
48,49,6,5,43,44,7,/content/generated_inputs_trafficsigns_blackout1/blackout_Speed limit_120 km-h_End of all speed and passing limits_Speed limit_80 km-h_94.png
48,49,6,5,43,44,7,/content/generated_inputs_trafficsigns_light1/light_Dangerous curve to the left_Wild animals crossing_Turn right ahead_197.png
48,49,6,5,43,44,7,/content/generated_inputs_trafficsigns_light2/light_Yield_Yield_Speed limit_50 km-h_197.png
48,49,6,5,43,44,7,/content/generated_inputs_trafficsigns_occl2/occl_Speed limit_100 km-h_Speed limit_120 km-h_Speed limit_120 km-h_197.png
48,49,6,5,43,44,7,/content/generated_inputs_trafficsigns_occl1/occl_No passing for vehicles over 3.5 metric tons_Keep right_No passing for vehicles over 3.5 metric tons_197.png
48,49,6,5,43,44,7,/content/generated_inputs_trafficsigns_occl0/occl_Speed limit_100 km-h_Speed limit_120 km-h_Speed limit_120 km-h_197.png
48,49,6,5,43,44,7,/content/generated_inputs_trafficsigns_light0/light_Dangerous curve to the left_Wild animals crossing_Turn right ahead_197.png
46,46,6,6,41,41,42,/content/generated_inputs_trafficsigns_blackout2/blackout_Dangerous curve to the right_Children crossing_Children crossing_91.png
46,46,6,6,41,41,42,/content/generated_inputs_trafficsigns_blackout0/blackout_Yield_Roundabout mandatory_Speed limit_50 km-h_99.png
37,37,5,5,32,32,5,/content/generated_inputs_trafficsigns_blackout2/blackout_Turn right ahead_Speed limit_80 km-h_Go straight or right_93.png
37,37,5,5,32,32,5,/content/generated_inputs_trafficsigns_blackout1/blackout_Slippery road_Speed limit_70 km-h_Speed limit_70 km-h_97.png
44,43,6,5,39,38,4,/content/generated_inputs_trafficsigns_blackout2/blackout_No vehicles_End of all speed and passing limits_Yield_94.png
50,50,6,5,44,44,35,/content/generated_inputs_trafficsigns_blackout2/blackout_No passing for vehicles over 3.5 metric tons_Speed limit_60 km-h_No passing for vehicles over 3.5 metric tons_95.png
50,50,6,5,44,44,35,/content/generated_inputs_trafficsigns_blackout1/blackout_No passing for vehicles over 3.5 metric tons_Speed limit_60 km-h_No passing for vehicles over 3.5 metric tons_99.png
65,61,6,6,60,56,11,/content/generated_inputs_trafficsigns_blackout2/blackout_Children crossing_Slippery road_Children crossing_96.png
65,61,6,6,60,56,11,/content/generated_inputs_trafficsigns_blackout1/blackout_No passing_Speed limit_60 km-h_No passing for vehicles over 3.5 metric tons_100.png
35,35,6,5,30,30,3,/content/generated_inputs_trafficsigns_blackout2/blackout_Priority road_Children crossing_Children crossing_97.png
35,35,6,6,30,30,13,/content/generated_inputs_trafficsigns_blackout2/blackout_Speed limit_120 km-h_Priority road_Speed limit_70 km-h_99.png
49,51,5,5,44,46,35,/content/generated_inputs_trafficsigns_blackout2/blackout_Slippery road_Keep right_Roundabout mandatory_100.png
63,70,5,7,58,64,12,/content/generated_inputs_trafficsigns_blackout2/blackout_No passing for vehicles over 3.5 metric tons_Speed limit_60 km-h_No passing for vehicles over 3.5 metric tons_101.png
57,53,6,5,52,47,25,/content/generated_inputs_trafficsigns_blackout2/blackout_Priority road_Right-of-way at the next intersection_Right-of-way at the next intersection_102.png
30,31,5,6,25,26,4,/content/generated_inputs_trafficsigns_blackout2/blackout_Speed limit_80 km-h_Yield_Yield_103.png
30,31,5,6,25,26,4,/content/generated_inputs_trafficsigns_blackout0/blackout_No passing_Speed limit_60 km-h_No passing_110.png
42,45,5,6,37,40,10,/content/generated_inputs_trafficsigns_blackout2/blackout_No passing_Speed limit_80 km-h_No passing_104.png
42,45,5,6,37,40,10,/content/generated_inputs_trafficsigns_light1/light_Dangerous curve to the left_Wild animals crossing_Turn right ahead_110.png
42,45,5,6,37,40,10,/content/generated_inputs_trafficsigns_light2/light_Yield_Yield_Speed limit_50 km-h_110.png
42,45,5,6,37,40,10,/content/generated_inputs_trafficsigns_occl1/occl_No passing for vehicles over 3.5 metric tons_Right-of-way at the next intersection_No passing for vehicles over 3.5 metric tons_110.png
42,45,5,6,37,40,10,/content/generated_inputs_trafficsigns_occl0/occl_Turn left ahead_No passing for vehicles over 3.5 metric tons_Speed limit_120 km-h_110.png
42,45,5,6,37,40,10,/content/generated_inputs_trafficsigns_light0/light_Dangerous curve to the left_Wild animals crossing_Turn right ahead_110.png
54,54,5,6,49,49,1,/content/generated_inputs_trafficsigns_blackout2/blackout_Speed limit_30 km-h_Stop_Speed limit_30 km-h_105.png
59,58,6,5,54,53,2,/content/generated_inputs_trafficsigns_blackout2/blackout_General caution_Slippery road_General caution_106.png
59,58,6,5,54,53,2,/content/generated_inputs_trafficsigns_blackout1/blackout_No vehicles_Right-of-way at the next intersection_Speed limit_50 km-h_45.png
59,58,6,5,54,53,2,/content/generated_inputs_trafficsigns_light1/light_Yield_Yield_Speed limit_50 km-h_97.png
59,58,6,5,54,53,2,/content/generated_inputs_trafficsigns_light2/light_Yield_Yield_Speed limit_50 km-h_97.png
59,58,6,5,54,53,2,/content/generated_inputs_trafficsigns_occl2/occl_No passing for vehicles over 3.5 metric tons_Go straight or right_Speed limit_60 km-h_97.png
59,58,6,5,54,53,2,/content/generated_inputs_trafficsigns_occl1/occl_No passing for vehicles over 3.5 metric tons_General caution_No passing for vehicles over 3.5 metric tons_97.png
59,58,6,5,54,53,2,/content/generated_inputs_trafficsigns_occl0/occl_Wild animals crossing_Speed limit_120 km-h_Speed limit_30 km-h_97.png
59,58,6,5,54,53,2,/content/generated_inputs_trafficsigns_light0/light_Dangerous curve to the left_Wild animals crossing_Turn right ahead_97.png
59,58,6,5,54,53,2,/content/generated_inputs_trafficsigns_blackout0/blackout_General caution_Slippery road_General caution_115.png
28,28,6,6,23,23,1,/content/generated_inputs_trafficsigns_blackout2/blackout_Stop_General caution_Stop_107.png
28,28,6,6,23,23,1,/content/generated_inputs_trafficsigns_blackout0/blackout_Speed limit_100 km-h_Road narrows on the right_No passing for vehicles over 3.5 metric tons_116.png
40,40,5,5,35,35,5,/content/generated_inputs_trafficsigns_blackout2/blackout_Road work_Yield_Speed limit_80 km-h_108.png
68,61,6,6,62,56,11,/content/generated_inputs_trafficsigns_blackout2/blackout_Beware of ice-snow_Speed limit_70 km-h_Speed limit_30 km-h_109.png
68,61,6,6,62,56,11,/content/generated_inputs_trafficsigns_blackout0/blackout_Keep left_Right-of-way at the next intersection_Yield_118.png
33,36,6,6,28,31,33,/content/generated_inputs_trafficsigns_blackout2/blackout_Priority road_Dangerous curve to the left_Yield_111.png
33,36,6,6,28,31,33,/content/generated_inputs_trafficsigns_blackout1/blackout_No vehicles_No vehicles_Turn right ahead_115.png
46,47,5,6,41,42,8,/content/generated_inputs_trafficsigns_blackout2/blackout_No vehicles_Right-of-way at the next intersection_No vehicles_112.png
31,30,6,5,26,25,38,/content/generated_inputs_trafficsigns_blackout2/blackout_No passing for vehicles over 3.5 metric tons_Right-of-way at the next intersection_Priority road_113.png
36,35,6,6,30,30,8,/content/generated_inputs_trafficsigns_blackout2/blackout_Beware of ice-snow_Speed limit_70 km-h_Bicycles crossing_114.png
42,43,5,5,36,38,9,/content/generated_inputs_trafficsigns_blackout2/blackout_Yield_Yield_No passing for vehicles over 3.5 metric tons_115.png
42,43,5,5,36,38,9,/content/generated_inputs_trafficsigns_blackout1/blackout_No passing for vehicles over 3.5 metric tons_Speed limit_120 km-h_No passing for vehicles over 3.5 metric tons_119.png
64,64,6,5,59,59,9,/content/generated_inputs_trafficsigns_blackout2/blackout_No passing_No passing_No passing for vehicles over 3.5 metric tons_117.png
64,64,6,5,59,59,9,/content/generated_inputs_trafficsigns_blackout1/blackout_End of no passing_No passing_No passing_121.png
36,37,5,6,31,32,17,/content/generated_inputs_trafficsigns_blackout2/blackout_No entry_General caution_General caution_118.png
60,60,6,6,55,55,12,/content/generated_inputs_trafficsigns_blackout2/blackout_Bicycles crossing_End of speed limit_80 km-h_End of all speed and passing limits_119.png
40,44,5,5,34,38,38,/content/generated_inputs_trafficsigns_blackout2/blackout_Keep right_Dangerous curve to the right_No vehicles_120.png
40,44,5,5,34,38,38,/content/generated_inputs_trafficsigns_blackout1/blackout_Road work_Road work_Yield_125.png
48,46,6,6,43,40,13,/content/generated_inputs_trafficsigns_blackout2/blackout_No passing for vehicles over 3.5 metric tons_Yield_No passing for vehicles over 3.5 metric tons_121.png
29,55,6,6,23,50,17,/content/generated_inputs_trafficsigns_blackout2/blackout_No entry_General caution_No entry_122.png
29,55,6,6,23,50,17,/content/generated_inputs_trafficsigns_blackout0/blackout_No entry_Traffic signals_Stop_142.png
62,56,6,6,56,51,13,/content/generated_inputs_trafficsigns_blackout2/blackout_Speed limit_70 km-h_Keep left_Slippery road_123.png
62,56,6,6,56,51,13,/content/generated_inputs_trafficsigns_blackout0/blackout_Bicycles crossing_Vehicles over 3.5 metric tons prohibited_Yield_136.png
49,48,5,6,44,43,21,/content/generated_inputs_trafficsigns_blackout2/blackout_Speed limit_120 km-h_Roundabout mandatory_Speed limit_120 km-h_125.png
83,77,7,7,76,71,32,/content/generated_inputs_trafficsigns_blackout2/blackout_Turn right ahead_Keep left_Speed limit_30 km-h_127.png
83,77,7,7,76,71,32,/content/generated_inputs_trafficsigns_blackout1/blackout_No vehicles_General caution_Bicycles crossing_130.png
30,29,6,6,25,24,38,/content/generated_inputs_trafficsigns_blackout2/blackout_Speed limit_60 km-h_Ahead only_Stop_129.png
37,36,5,6,32,31,31,/content/generated_inputs_trafficsigns_blackout2/blackout_Speed limit_120 km-h_Roundabout mandatory_Yield_130.png
32,32,6,6,27,27,22,/content/generated_inputs_trafficsigns_blackout2/blackout_Yield_Yield_Speed limit_70 km-h_131.png
32,32,6,6,27,27,22,/content/generated_inputs_trafficsigns_blackout0/blackout_Yield_Roundabout mandatory_Speed limit_50 km-h_145.png
49,48,5,6,44,43,34,/content/generated_inputs_trafficsigns_blackout2/blackout_Speed limit_20 km-h_Speed limit_70 km-h_Speed limit_20 km-h_132.png
49,48,5,6,44,43,34,/content/generated_inputs_trafficsigns_blackout0/blackout_Road work_Road work_No vehicles_148.png
43,43,5,5,38,38,38,/content/generated_inputs_trafficsigns_blackout2/blackout_General caution_Keep right_End of speed limit_80 km-h_133.png
34,33,5,6,28,27,40,/content/generated_inputs_trafficsigns_blackout2/blackout_Yield_Roundabout mandatory_Speed limit_50 km-h_134.png
62,60,6,5,57,54,4,/content/generated_inputs_trafficsigns_blackout2/blackout_Pedestrians_Road narrows on the right_No passing for vehicles over 3.5 metric tons_135.png
36,37,5,5,30,32,38,/content/generated_inputs_trafficsigns_blackout2/blackout_Keep right_Speed limit_70 km-h_Keep right_136.png
33,33,6,6,28,28,5,/content/generated_inputs_trafficsigns_blackout2/blackout_No vehicles_Traffic signals_Speed limit_100 km-h_137.png
31,34,5,5,26,29,9,/content/generated_inputs_trafficsigns_blackout2/blackout_Stop_Traffic signals_Speed limit_50 km-h_138.png
46,46,5,5,41,41,1,/content/generated_inputs_trafficsigns_blackout2/blackout_Speed limit_70 km-h_Speed limit_80 km-h_Stop_139.png
67,63,6,6,61,58,11,/content/generated_inputs_trafficsigns_blackout2/blackout_Pedestrians_Right-of-way at the next intersection_Children crossing_140.png
67,63,6,6,61,58,11,/content/generated_inputs_trafficsigns_blackout1/blackout_Road work_Dangerous curve to the right_Children crossing_279.png
35,36,6,5,30,31,40,/content/generated_inputs_trafficsigns_blackout2/blackout_No vehicles_Traffic signals_Traffic signals_141.png
42,39,6,6,37,34,31,/content/generated_inputs_trafficsigns_blackout2/blackout_No passing for vehicles over 3.5 metric tons_Dangerous curve to the right_Priority road_142.png
91,89,8,8,83,82,38,/content/generated_inputs_trafficsigns_blackout2/blackout_Bicycles crossing_General caution_Bicycles crossing_143.png
91,89,8,8,83,82,38,/content/generated_inputs_trafficsigns_blackout1/blackout_No vehicles_Road work_Speed limit_120 km-h_146.png
91,89,8,8,83,82,38,/content/generated_inputs_trafficsigns_blackout0/blackout_Bicycles crossing_General caution_Bicycles crossing_161.png
41,37,5,6,36,32,13,/content/generated_inputs_trafficsigns_blackout2/blackout_No passing for vehicles over 3.5 metric tons_Dangerous curve to the right_End of no passing for vehicles over 3.5 metric tons_144.png
41,37,5,6,36,32,13,/content/generated_inputs_trafficsigns_blackout0/blackout_No vehicles_Priority road_No vehicles_134.png
110,110,10,10,101,101,15,/content/generated_inputs_trafficsigns_blackout2/blackout_Go straight or right_No vehicles_No vehicles_145.png
28,27,5,5,23,22,15,/content/generated_inputs_trafficsigns_blackout2/blackout_Bicycles crossing_Bicycles crossing_Speed limit_80 km-h_146.png
26,27,5,6,21,22,15,/content/generated_inputs_trafficsigns_blackout2/blackout_No passing for vehicles over 3.5 metric tons_Speed limit_60 km-h_No passing for vehicles over 3.5 metric tons_147.png
26,27,5,6,21,22,15,/content/generated_inputs_trafficsigns_blackout1/blackout_No passing for vehicles over 3.5 metric tons_Speed limit_60 km-h_No passing for vehicles over 3.5 metric tons_150.png
26,27,5,6,21,22,15,/content/generated_inputs_trafficsigns_blackout0/blackout_Road work_Bicycles crossing_No vehicles_169.png
26,27,5,6,21,22,10,/content/generated_inputs_trafficsigns_blackout2/blackout_Speed limit_120 km-h_Priority road_No passing_148.png
26,27,5,6,21,22,10,/content/generated_inputs_trafficsigns_blackout1/blackout_Speed limit_120 km-h_Priority road_No passing_151.png
57,56,6,5,52,51,13,/content/generated_inputs_trafficsigns_blackout2/blackout_Road work_Road work_Yield_149.png
57,56,6,5,52,51,13,/content/generated_inputs_trafficsigns_blackout1/blackout_Yield_Road narrows on the right_Yield_152.png
39,37,6,5,33,32,25,/content/generated_inputs_trafficsigns_blackout2/blackout_Stop_Right-of-way at the next intersection_Right-of-way at the next intersection_150.png
30,30,5,5,25,25,4,/content/generated_inputs_trafficsigns_blackout2/blackout_Dangerous curve to the right_Speed limit_30 km-h_Children crossing_152.png
30,30,5,5,25,25,4,/content/generated_inputs_trafficsigns_blackout1/blackout_No passing_Keep left_No passing_154.png
44,44,5,5,39,39,4,/content/generated_inputs_trafficsigns_blackout2/blackout_Priority road_Right-of-way at the next intersection_Priority road_153.png
104,109,9,10,94,100,4,/content/generated_inputs_trafficsigns_blackout2/blackout_Speed limit_120 km-h_General caution_Speed limit_120 km-h_154.png
34,33,5,5,29,28,5,/content/generated_inputs_trafficsigns_blackout2/blackout_No vehicles_Priority road_Speed limit_80 km-h_155.png
31,32,5,6,26,27,7,/content/generated_inputs_trafficsigns_blackout2/blackout_Vehicles over 3.5 metric tons prohibited_Vehicles over 3.5 metric tons prohibited_Yield_156.png
56,52,5,6,51,47,11,/content/generated_inputs_trafficsigns_blackout2/blackout_Road work_Priority road_Children crossing_157.png
59,60,6,5,53,55,15,/content/generated_inputs_trafficsigns_blackout2/blackout_Speed limit_120 km-h_Traffic signals_Stop_158.png
59,60,6,5,53,55,15,/content/generated_inputs_trafficsigns_blackout1/blackout_Yield_No vehicles_Yield_242.png
44,45,5,6,39,40,4,/content/generated_inputs_trafficsigns_blackout2/blackout_Priority road_End of speed limit_80 km-h_Vehicles over 3.5 metric tons prohibited_159.png
93,86,8,8,85,79,25,/content/generated_inputs_trafficsigns_blackout2/blackout_Dangerous curve to the right_Children crossing_Children crossing_160.png
63,58,5,6,58,53,23,/content/generated_inputs_trafficsigns_blackout2/blackout_Priority road_Dangerous curve to the left_Right-of-way at the next intersection_161.png
45,47,6,6,40,41,35,/content/generated_inputs_trafficsigns_blackout2/blackout_Road work_Yield_No passing for vehicles over 3.5 metric tons_162.png
51,51,5,5,46,46,41,/content/generated_inputs_trafficsigns_blackout2/blackout_No passing for vehicles over 3.5 metric tons_Speed limit_60 km-h_No passing for vehicles over 3.5 metric tons_163.png
28,28,5,5,23,23,5,/content/generated_inputs_trafficsigns_blackout2/blackout_No passing for vehicles over 3.5 metric tons_Go straight or right_No passing for vehicles over 3.5 metric tons_164.png
57,53,6,5,51,48,13,/content/generated_inputs_trafficsigns_blackout2/blackout_Priority road_Dangerous curve to the left_Double curve_165.png
33,34,5,5,28,29,7,/content/generated_inputs_trafficsigns_blackout2/blackout_Bicycles crossing_End of speed limit_80 km-h_End of speed limit_80 km-h_166.png
33,34,5,5,28,29,7,/content/generated_inputs_trafficsigns_blackout1/blackout_Road work_Speed limit_100 km-h_Speed limit_120 km-h_169.png
116,119,11,11,106,109,5,/content/generated_inputs_trafficsigns_blackout2/blackout_Speed limit_70 km-h_Speed limit_80 km-h_Speed limit_30 km-h_167.png
107,107,10,10,98,98,4,/content/generated_inputs_trafficsigns_blackout2/blackout_No passing for vehicles over 3.5 metric tons_Go straight or right_No passing for vehicles over 3.5 metric tons_168.png
39,40,5,6,34,35,15,/content/generated_inputs_trafficsigns_blackout2/blackout_No vehicles_No vehicles_No passing_169.png
39,40,5,6,34,35,15,/content/generated_inputs_trafficsigns_blackout1/blackout_End of no passing_No vehicles_No passing_171.png
55,56,5,6,49,51,33,/content/generated_inputs_trafficsigns_blackout2/blackout_No passing_Turn right ahead_Keep left_170.png
28,42,5,6,23,37,15,/content/generated_inputs_trafficsigns_blackout2/blackout_No passing_Speed limit_70 km-h_No passing_171.png
26,28,5,5,21,23,38,/content/generated_inputs_trafficsigns_blackout2/blackout_Traffic signals_Keep right_No passing_172.png
26,28,5,5,21,23,38,/content/generated_inputs_trafficsigns_blackout1/blackout_No vehicles_Yield_Yield_174.png
54,51,5,5,49,46,29,/content/generated_inputs_trafficsigns_blackout2/blackout_No passing for vehicles over 3.5 metric tons_General caution_No passing for vehicles over 3.5 metric tons_173.png
37,37,6,6,32,32,41,/content/generated_inputs_trafficsigns_blackout2/blackout_Vehicles over 3.5 metric tons prohibited_Vehicles over 3.5 metric tons prohibited_Yield_174.png
37,37,6,6,32,32,41,/content/generated_inputs_trafficsigns_blackout1/blackout_Yield_Road work_Priority road_176.png
41,44,6,5,36,38,38,/content/generated_inputs_trafficsigns_blackout2/blackout_Dangerous curve to the right_Vehicles over 3.5 metric tons prohibited_Vehicles over 3.5 metric tons prohibited_175.png
41,44,6,5,36,38,38,/content/generated_inputs_trafficsigns_blackout0/blackout_No vehicles_Slippery road_Road narrows on the right_198.png
54,49,6,5,49,44,25,/content/generated_inputs_trafficsigns_blackout2/blackout_Road work_Road work_Speed limit_80 km-h_176.png
45,45,6,5,40,40,9,/content/generated_inputs_trafficsigns_blackout2/blackout_Speed limit_120 km-h_No passing_No passing_177.png
41,44,6,5,36,39,1,/content/generated_inputs_trafficsigns_blackout2/blackout_Slippery road_Speed limit_30 km-h_Speed limit_30 km-h_178.png
41,44,6,5,36,39,1,/content/generated_inputs_trafficsigns_blackout1/blackout_Speed limit_80 km-h_Speed limit_30 km-h_Yield_180.png
43,43,6,6,38,38,10,/content/generated_inputs_trafficsigns_blackout2/blackout_Keep left_Speed limit_120 km-h_Yield_179.png
34,38,6,6,29,33,13,/content/generated_inputs_trafficsigns_blackout2/blackout_Yield_Priority road_No vehicles_181.png
31,31,6,6,26,26,35,/content/generated_inputs_trafficsigns_blackout2/blackout_Speed limit_100 km-h_Ahead only_Speed limit_120 km-h_182.png
31,31,6,6,26,26,35,/content/generated_inputs_trafficsigns_blackout0/blackout_Speed limit_100 km-h_Ahead only_Speed limit_120 km-h_205.png
30,32,5,6,25,27,17,/content/generated_inputs_trafficsigns_blackout2/blackout_No entry_Dangerous curve to the left_Yield_183.png
30,32,5,6,25,27,17,/content/generated_inputs_trafficsigns_blackout0/blackout_No entry_Dangerous curve to the left_Yield_206.png
70,73,7,7,64,67,1,/content/generated_inputs_trafficsigns_blackout2/blackout_Speed limit_30 km-h_Priority road_Speed limit_30 km-h_185.png
70,73,7,7,64,67,1,/content/generated_inputs_trafficsigns_blackout0/blackout_General caution_End of speed limit_80 km-h_End of speed limit_80 km-h_208.png
70,73,6,7,64,67,16,/content/generated_inputs_trafficsigns_blackout2/blackout_Bicycles crossing_Vehicles over 3.5 metric tons prohibited_Speed limit_100 km-h_186.png
46,45,5,6,40,40,2,/content/generated_inputs_trafficsigns_blackout2/blackout_No passing for vehicles over 3.5 metric tons_Right-of-way at the next intersection_Priority road_187.png
28,28,5,5,23,23,8,/content/generated_inputs_trafficsigns_blackout2/blackout_No passing for vehicles over 3.5 metric tons_Speed limit_60 km-h_No passing for vehicles over 3.5 metric tons_188.png
35,35,6,6,30,30,8,/content/generated_inputs_trafficsigns_blackout2/blackout_Speed limit_70 km-h_Wild animals crossing_Slippery road_189.png
28,26,6,5,23,21,38,/content/generated_inputs_trafficsigns_blackout2/blackout_End of no passing_Right-of-way at the next intersection_End of all speed and passing limits_190.png
50,47,6,5,45,42,34,/content/generated_inputs_trafficsigns_blackout2/blackout_No vehicles_Roundabout mandatory_Speed limit_80 km-h_191.png
50,47,6,5,45,42,34,/content/generated_inputs_trafficsigns_blackout1/blackout_No vehicles_Roundabout mandatory_Speed limit_80 km-h_193.png
57,62,5,6,51,57,1,/content/generated_inputs_trafficsigns_blackout2/blackout_Speed limit_30 km-h_Pedestrians_Bicycles crossing_193.png
57,62,5,6,51,57,1,/content/generated_inputs_trafficsigns_blackout1/blackout_Speed limit_50 km-h_Speed limit_30 km-h_Speed limit_30 km-h_195.png
57,62,5,6,51,57,1,/content/generated_inputs_trafficsigns_blackout0/blackout_No vehicles_Speed limit_30 km-h_No passing_215.png
64,59,5,6,59,54,25,/content/generated_inputs_trafficsigns_blackout2/blackout_Road work_Road work_Yield_194.png
43,40,5,5,38,35,26,/content/generated_inputs_trafficsigns_blackout2/blackout_Speed limit_80 km-h_Traffic signals_Traffic signals_195.png
32,32,5,5,27,27,12,/content/generated_inputs_trafficsigns_blackout2/blackout_No vehicles_End of all speed and passing limits_Speed limit_80 km-h_196.png
37,41,5,5,32,36,39,/content/generated_inputs_trafficsigns_blackout2/blackout_General caution_Keep left_General caution_197.png
32,33,6,5,27,28,10,/content/generated_inputs_trafficsigns_blackout2/blackout_No vehicles_Children crossing_Double curve_199.png
32,33,6,5,27,28,10,/content/generated_inputs_trafficsigns_blackout1/blackout_Speed limit_80 km-h_Speed limit_80 km-h_Speed limit_30 km-h_201.png
46,44,6,6,40,38,3,/content/generated_inputs_trafficsigns_blackout2/blackout_Speed limit_20 km-h_Speed limit_70 km-h_Speed limit_30 km-h_200.png
31,31,5,5,26,25,31,/content/generated_inputs_trafficsigns_blackout2/blackout_Yield_No passing for vehicles over 3.5 metric tons_Yield_201.png
47,48,5,6,42,43,16,/content/generated_inputs_trafficsigns_blackout2/blackout_No passing_Speed limit_100 km-h_Vehicles over 3.5 metric tons prohibited_202.png
47,48,5,6,42,43,16,/content/generated_inputs_trafficsigns_blackout1/blackout_Speed limit_80 km-h_Vehicles over 3.5 metric tons prohibited_Vehicles over 3.5 metric tons prohibited_203.png
47,49,6,6,42,44,2,/content/generated_inputs_trafficsigns_blackout2/blackout_Speed limit_80 km-h_Speed limit_50 km-h_Speed limit_80 km-h_203.png
47,49,6,6,42,44,2,/content/generated_inputs_trafficsigns_blackout0/blackout_Speed limit_80 km-h_Speed limit_50 km-h_Speed limit_80 km-h_227.png
54,54,5,5,49,49,8,/content/generated_inputs_trafficsigns_blackout2/blackout_General caution_General caution_End of speed limit_80 km-h_204.png
54,54,5,5,49,49,8,/content/generated_inputs_trafficsigns_blackout0/blackout_General caution_General caution_End of speed limit_80 km-h_228.png
30,29,6,5,25,24,5,/content/generated_inputs_trafficsigns_blackout2/blackout_No passing for vehicles over 3.5 metric tons_General caution_Priority road_205.png
30,29,6,5,25,24,5,/content/generated_inputs_trafficsigns_blackout0/blackout_No passing for vehicles over 3.5 metric tons_General caution_Priority road_229.png
30,31,6,6,25,26,8,/content/generated_inputs_trafficsigns_blackout2/blackout_General caution_End of speed limit_80 km-h_End of speed limit_80 km-h_206.png
30,31,6,6,25,26,8,/content/generated_inputs_trafficsigns_blackout0/blackout_General caution_End of speed limit_80 km-h_End of speed limit_80 km-h_230.png
43,43,5,5,38,38,1,/content/generated_inputs_trafficsigns_blackout2/blackout_Speed limit_20 km-h_Ahead only_Stop_208.png
43,43,5,5,38,38,1,/content/generated_inputs_trafficsigns_blackout0/blackout_Speed limit_20 km-h_Ahead only_Stop_232.png
46,45,6,5,41,40,35,/content/generated_inputs_trafficsigns_blackout2/blackout_General caution_Wild animals crossing_Roundabout mandatory_210.png
46,45,6,5,41,40,35,/content/generated_inputs_trafficsigns_blackout0/blackout_General caution_Slippery road_Beware of ice-snow_234.png
96,92,8,8,88,84,11,/content/generated_inputs_trafficsigns_blackout2/blackout_Priority road_Right-of-way at the next intersection_Beware of ice-snow_211.png
48,50,5,6,43,45,20,/content/generated_inputs_trafficsigns_blackout2/blackout_No passing for vehicles over 3.5 metric tons_Right-of-way at the next intersection_Priority road_212.png
28,30,5,6,23,25,2,/content/generated_inputs_trafficsigns_blackout2/blackout_No passing for vehicles over 3.5 metric tons_General caution_Road work_213.png
63,64,5,6,58,59,42,/content/generated_inputs_trafficsigns_blackout2/blackout_Speed limit_120 km-h_Roundabout mandatory_Speed limit_120 km-h_214.png
44,47,6,6,39,42,38,/content/generated_inputs_trafficsigns_blackout2/blackout_Bicycles crossing_Vehicles over 3.5 metric tons prohibited_Yield_215.png
44,47,6,6,39,42,38,/content/generated_inputs_trafficsigns_blackout0/blackout_Bicycles crossing_Vehicles over 3.5 metric tons prohibited_Yield_239.png
140,142,12,13,128,130,11,/content/generated_inputs_trafficsigns_blackout2/blackout_Right-of-way at the next intersection_Road work_Right-of-way at the next intersection_217.png
140,142,12,13,128,130,11,/content/generated_inputs_trafficsigns_blackout0/blackout_No passing for vehicles over 3.5 metric tons_General caution_General caution_241.png
51,51,6,6,46,46,38,/content/generated_inputs_trafficsigns_blackout2/blackout_Priority road_Right-of-way at the next intersection_Priority road_219.png
44,43,6,5,39,38,38,/content/generated_inputs_trafficsigns_blackout2/blackout_No passing for vehicles over 3.5 metric tons_Go straight or right_No passing for vehicles over 3.5 metric tons_220.png
36,33,6,5,31,28,5,/content/generated_inputs_trafficsigns_blackout2/blackout_No vehicles_Traffic signals_No passing for vehicles over 3.5 metric tons_221.png
28,29,5,6,23,24,1,/content/generated_inputs_trafficsigns_blackout2/blackout_Priority road_End of speed limit_80 km-h_Priority road_222.png
36,42,5,6,30,36,39,/content/generated_inputs_trafficsigns_blackout2/blackout_Yield_Traffic signals_Stop_223.png
33,33,6,5,28,28,2,/content/generated_inputs_trafficsigns_blackout2/blackout_Yield_Yield_Speed limit_50 km-h_224.png
33,33,6,5,28,28,2,/content/generated_inputs_trafficsigns_blackout0/blackout_Yield_Yield_Speed limit_50 km-h_247.png
33,32,6,5,28,27,35,/content/generated_inputs_trafficsigns_blackout2/blackout_Yield_Yield_Stop_225.png
33,32,6,5,28,27,35,/content/generated_inputs_trafficsigns_blackout0/blackout_Ahead only_Yield_Turn right ahead_248.png
93,85,9,7,85,78,11,/content/generated_inputs_trafficsigns_blackout2/blackout_Right-of-way at the next intersection_Stop_Right-of-way at the next intersection_226.png
93,85,9,7,85,78,11,/content/generated_inputs_trafficsigns_blackout1/blackout_Right-of-way at the next intersection_Stop_Right-of-way at the next intersection_229.png
81,87,7,8,74,80,38,/content/generated_inputs_trafficsigns_blackout2/blackout_Yield_Keep right_Yield_227.png
81,87,7,8,74,80,38,/content/generated_inputs_trafficsigns_blackout1/blackout_Yield_Roundabout mandatory_No vehicles_230.png
33,31,6,5,28,25,28,/content/generated_inputs_trafficsigns_blackout2/blackout_Priority road_End of speed limit_80 km-h_Vehicles over 3.5 metric tons prohibited_229.png
32,32,5,5,26,26,10,/content/generated_inputs_trafficsigns_blackout2/blackout_Speed limit_70 km-h_No vehicles_Speed limit_30 km-h_230.png
32,32,5,5,26,26,10,/content/generated_inputs_trafficsigns_blackout0/blackout_Yield_Yield_Speed limit_50 km-h_254.png
29,30,5,6,24,25,5,/content/generated_inputs_trafficsigns_blackout2/blackout_Speed limit_80 km-h_Speed limit_80 km-h_Yield_231.png
33,33,6,6,28,28,4,/content/generated_inputs_trafficsigns_blackout2/blackout_General caution_Slippery road_General caution_232.png
95,95,8,8,87,87,38,/content/generated_inputs_trafficsigns_blackout2/blackout_Speed limit_70 km-h_Speed limit_100 km-h_Children crossing_233.png
95,95,8,8,87,87,38,/content/generated_inputs_trafficsigns_blackout0/blackout_Speed limit_120 km-h_Priority road_Children crossing_100.png
44,45,5,6,39,40,8,/content/generated_inputs_trafficsigns_blackout2/blackout_No passing for vehicles over 3.5 metric tons_Speed limit_120 km-h_No passing for vehicles over 3.5 metric tons_234.png
30,33,6,5,25,28,17,/content/generated_inputs_trafficsigns_blackout2/blackout_Children crossing_Go straight or right_Children crossing_236.png
53,47,6,5,47,41,25,/content/generated_inputs_trafficsigns_blackout2/blackout_Ahead only_General caution_Road narrows on the right_237.png
48,48,6,6,43,43,5,/content/generated_inputs_trafficsigns_blackout2/blackout_Slippery road_Speed limit_30 km-h_Slippery road_238.png
28,27,5,5,23,22,38,/content/generated_inputs_trafficsigns_blackout2/blackout_Bicycles crossing_General caution_Bicycles crossing_239.png
88,89,7,8,81,82,42,/content/generated_inputs_trafficsigns_blackout2/blackout_Speed limit_80 km-h_Speed limit_80 km-h_Yield_240.png
88,89,7,8,81,82,42,/content/generated_inputs_trafficsigns_blackout1/blackout_Speed limit_80 km-h_Speed limit_80 km-h_Yield_248.png
44,45,5,6,39,40,10,/content/generated_inputs_trafficsigns_blackout2/blackout_Turn right ahead_Speed limit_80 km-h_No passing_241.png
44,45,5,6,39,40,10,/content/generated_inputs_trafficsigns_blackout1/blackout_Beware of ice-snow_Slippery road_Beware of ice-snow_249.png
58,56,5,6,53,51,38,/content/generated_inputs_trafficsigns_blackout2/blackout_Yield_Road work_No passing for vehicles over 3.5 metric tons_242.png
57,54,6,6,51,49,22,/content/generated_inputs_trafficsigns_blackout2/blackout_Yield_Yield_Speed limit_50 km-h_243.png
74,80,6,8,68,73,25,/content/generated_inputs_trafficsigns_blackout2/blackout_Roundabout mandatory_Children crossing_Priority road_244.png
56,58,5,6,51,52,16,/content/generated_inputs_trafficsigns_blackout2/blackout_Turn right ahead_Keep left_End of speed limit_80 km-h_246.png
69,70,6,6,63,63,24,/content/generated_inputs_trafficsigns_blackout2/blackout_Yield_Yield_Speed limit_50 km-h_249.png
69,70,6,6,63,63,24,/content/generated_inputs_trafficsigns_blackout1/blackout_Ahead only_General caution_Go straight or right_258.png
41,41,6,6,36,36,34,/content/generated_inputs_trafficsigns_blackout2/blackout_Ahead only_No vehicles_Turn left ahead_250.png
41,41,6,6,36,36,34,/content/generated_inputs_trafficsigns_blackout0/blackout_Ahead only_No vehicles_Turn left ahead_275.png
97,92,9,8,89,84,11,/content/generated_inputs_trafficsigns_blackout2/blackout_Turn right ahead_End of speed limit_80 km-h_End of speed limit_80 km-h_251.png
97,92,9,8,89,84,11,/content/generated_inputs_trafficsigns_blackout1/blackout_Turn right ahead_End of speed limit_80 km-h_End of speed limit_80 km-h_259.png
97,92,9,8,89,84,11,/content/generated_inputs_trafficsigns_blackout0/blackout_Turn right ahead_End of speed limit_80 km-h_End of speed limit_80 km-h_276.png
38,41,6,5,33,36,38,/content/generated_inputs_trafficsigns_blackout2/blackout_Go straight or left_Dangerous curve to the right_Priority road_252.png
38,41,6,5,33,36,38,/content/generated_inputs_trafficsigns_blackout1/blackout_No vehicles_Road work_Road narrows on the right_260.png
38,41,6,5,33,36,38,/content/generated_inputs_trafficsigns_blackout0/blackout_Go straight or left_Dangerous curve to the right_Priority road_277.png
169,148,14,12,154,136,25,/content/generated_inputs_trafficsigns_blackout2/blackout_No passing for vehicles over 3.5 metric tons_Speed limit_60 km-h_No passing for vehicles over 3.5 metric tons_253.png
169,148,14,12,154,136,25,/content/generated_inputs_trafficsigns_blackout0/blackout_No passing for vehicles over 3.5 metric tons_Speed limit_60 km-h_No passing for vehicles over 3.5 metric tons_278.png
55,49,6,5,49,44,13,/content/generated_inputs_trafficsigns_blackout2/blackout_No passing for vehicles over 3.5 metric tons_Yield_No passing for vehicles over 3.5 metric tons_254.png
55,49,6,5,49,44,13,/content/generated_inputs_trafficsigns_blackout0/blackout_No passing for vehicles over 3.5 metric tons_Yield_No passing for vehicles over 3.5 metric tons_279.png
59,60,6,6,54,54,1,/content/generated_inputs_trafficsigns_blackout2/blackout_No passing_Speed limit_120 km-h_No passing_255.png
59,60,6,6,54,54,1,/content/generated_inputs_trafficsigns_blackout0/blackout_Yield_Speed limit_30 km-h_Yield_280.png
88,82,8,8,80,75,26,/content/generated_inputs_trafficsigns_blackout2/blackout_Beware of ice-snow_Speed limit_120 km-h_Children crossing_257.png
49,51,5,6,44,46,4,/content/generated_inputs_trafficsigns_blackout2/blackout_Roundabout mandatory_Children crossing_Turn right ahead_258.png
94,87,9,7,86,80,3,/content/generated_inputs_trafficsigns_blackout2/blackout_No passing_Speed limit_60 km-h_Speed limit_50 km-h_260.png
36,36,6,6,31,31,15,/content/generated_inputs_trafficsigns_blackout2/blackout_Dangerous curve to the right_Children crossing_Children crossing_261.png
28,27,6,5,23,22,9,/content/generated_inputs_trafficsigns_blackout2/blackout_Slippery road_No passing_No passing for vehicles over 3.5 metric tons_262.png
28,27,6,5,23,22,9,/content/generated_inputs_trafficsigns_blackout0/blackout_Priority road_Right-of-way at the next intersection_End of speed limit_80 km-h_288.png
30,30,6,5,25,25,17,/content/generated_inputs_trafficsigns_blackout2/blackout_General caution_No entry_Traffic signals_263.png
49,48,6,6,44,43,5,/content/generated_inputs_trafficsigns_blackout2/blackout_No passing for vehicles over 3.5 metric tons_Speed limit_60 km-h_No passing for vehicles over 3.5 metric tons_265.png
29,28,6,5,24,23,10,/content/generated_inputs_trafficsigns_blackout2/blackout_No passing for vehicles over 3.5 metric tons_Speed limit_60 km-h_No passing for vehicles over 3.5 metric tons_266.png
29,28,6,5,24,23,10,/content/generated_inputs_trafficsigns_blackout1/blackout_No passing for vehicles over 3.5 metric tons_Speed limit_60 km-h_No passing for vehicles over 3.5 metric tons_273.png
60,61,6,6,55,56,16,/content/generated_inputs_trafficsigns_blackout2/blackout_Vehicles over 3.5 metric tons prohibited_Speed limit_100 km-h_Slippery road_267.png
60,61,6,6,55,56,16,/content/generated_inputs_trafficsigns_blackout1/blackout_Vehicles over 3.5 metric tons prohibited_Speed limit_100 km-h_Slippery road_274.png
37,36,6,5,32,31,32,/content/generated_inputs_trafficsigns_blackout2/blackout_Dangerous curve to the right_Speed limit_30 km-h_End of no passing_268.png
37,36,6,5,32,31,32,/content/generated_inputs_trafficsigns_blackout1/blackout_Dangerous curve to the right_Speed limit_30 km-h_End of no passing_275.png
58,55,6,5,53,49,4,/content/generated_inputs_trafficsigns_blackout2/blackout_Speed limit_100 km-h_Speed limit_70 km-h_Speed limit_30 km-h_269.png
58,55,6,5,53,49,4,/content/generated_inputs_trafficsigns_blackout1/blackout_Speed limit_100 km-h_Speed limit_70 km-h_Speed limit_30 km-h_276.png
58,55,6,5,53,49,4,/content/generated_inputs_trafficsigns_blackout0/blackout_Speed limit_100 km-h_Speed limit_70 km-h_Speed limit_30 km-h_295.png
33,33,6,6,28,28,38,/content/generated_inputs_trafficsigns_blackout2/blackout_Yield_Yield_Speed limit_50 km-h_270.png
33,33,6,6,28,28,38,/content/generated_inputs_trafficsigns_blackout1/blackout_Dangerous curve to the right_Priority road_Children crossing_277.png
33,33,6,6,28,28,38,/content/generated_inputs_trafficsigns_blackout0/blackout_Dangerous curve to the right_Priority road_Children crossing_296.png
117,109,10,9,107,100,34,/content/generated_inputs_trafficsigns_blackout2/blackout_Turn left ahead_Speed limit_30 km-h_Turn right ahead_272.png
42,43,5,6,36,38,38,/content/generated_inputs_trafficsigns_blackout2/blackout_Keep right_Keep right_Yield_273.png
57,58,5,5,52,53,38,/content/generated_inputs_trafficsigns_blackout2/blackout_Speed limit_70 km-h_Keep right_No entry_274.png
54,55,5,5,49,50,35,/content/generated_inputs_trafficsigns_blackout2/blackout_Ahead only_Slippery road_General caution_275.png
54,55,5,5,49,50,35,/content/generated_inputs_trafficsigns_blackout0/blackout_Vehicles over 3.5 metric tons prohibited_End of speed limit_80 km-h_Vehicles over 3.5 metric tons prohibited_379.png
37,36,6,5,32,31,31,/content/generated_inputs_trafficsigns_blackout2/blackout_No vehicles_Wild animals crossing_Bicycles crossing_277.png
57,52,6,6,51,46,23,/content/generated_inputs_trafficsigns_blackout2/blackout_No passing for vehicles over 3.5 metric tons_No passing for vehicles over 3.5 metric tons_General caution_279.png
32,54,6,5,27,49,14,/content/generated_inputs_trafficsigns_blackout2/blackout_Yield_No entry_Yield_280.png
32,54,6,5,27,49,14,/content/generated_inputs_trafficsigns_light1/light_Dangerous curve to the left_Wild animals crossing_Turn right ahead_33.png
32,54,6,5,27,49,14,/content/generated_inputs_trafficsigns_light2/light_Yield_Yield_Speed limit_50 km-h_33.png
32,54,6,5,27,49,14,/content/generated_inputs_trafficsigns_occl2/occl_No passing for vehicles over 3.5 metric tons_Speed limit_60 km-h_No passing for vehicles over 3.5 metric tons_33.png
32,54,6,5,27,49,14,/content/generated_inputs_trafficsigns_occl1/occl_Stop_Turn left ahead_Stop_33.png
32,54,6,5,27,49,14,/content/generated_inputs_trafficsigns_occl0/occl_Right-of-way at the next intersection_Speed limit_120 km-h_Stop_33.png
32,54,6,5,27,49,14,/content/generated_inputs_trafficsigns_light0/light_Dangerous curve to the left_Wild animals crossing_Turn right ahead_33.png
71,75,6,7,65,69,10,/content/generated_inputs_trafficsigns_blackout2/blackout_Slippery road_Wild animals crossing_General caution_281.png
87,83,8,8,80,75,11,/content/generated_inputs_trafficsigns_blackout2/blackout_Yield_Right-of-way at the next intersection_Priority road_282.png
44,46,5,6,39,40,9,/content/generated_inputs_trafficsigns_blackout2/blackout_Ahead only_No vehicles_No passing for vehicles over 3.5 metric tons_283.png
49,49,6,6,44,44,1,/content/generated_inputs_trafficsigns_blackout2/blackout_Speed limit_80 km-h_End of speed limit_80 km-h_Speed limit_80 km-h_284.png
36,37,5,6,31,32,21,/content/generated_inputs_trafficsigns_blackout2/blackout_Speed limit_120 km-h_Road work_Speed limit_120 km-h_285.png
57,57,6,5,52,52,4,/content/generated_inputs_trafficsigns_blackout2/blackout_No passing_Priority road_Yield_286.png
38,38,6,6,33,32,18,/content/generated_inputs_trafficsigns_blackout2/blackout_Speed limit_80 km-h_Traffic signals_Yield_288.png
33,34,5,5,28,29,13,/content/generated_inputs_trafficsigns_blackout2/blackout_No vehicles_No vehicles_Speed limit_30 km-h_289.png
37,44,5,5,32,38,33,/content/generated_inputs_trafficsigns_blackout2/blackout_Yield_Yield_Speed limit_50 km-h_290.png
37,44,5,5,32,38,33,/content/generated_inputs_trafficsigns_blackout1/blackout_Priority road_General caution_Turn right ahead_300.png
37,44,5,5,32,38,33,/content/generated_inputs_trafficsigns_blackout0/blackout_Yield_Yield_Speed limit_50 km-h_313.png
37,36,5,5,32,31,3,/content/generated_inputs_trafficsigns_blackout2/blackout_No passing for vehicles over 3.5 metric tons_Speed limit_120 km-h_No passing for vehicles over 3.5 metric tons_291.png
37,36,5,5,32,31,3,/content/generated_inputs_trafficsigns_blackout0/blackout_Road narrows on the right_Speed limit_80 km-h_Speed limit_50 km-h_314.png
33,34,5,6,28,29,8,/content/generated_inputs_trafficsigns_blackout2/blackout_Speed limit_20 km-h_Speed limit_70 km-h_Speed limit_20 km-h_292.png
33,34,5,6,28,29,8,/content/generated_inputs_trafficsigns_blackout0/blackout_Roundabout mandatory_Traffic signals_Turn right ahead_316.png
38,38,5,6,33,33,13,/content/generated_inputs_trafficsigns_blackout2/blackout_Speed limit_120 km-h_Priority road_No passing_294.png
38,38,5,6,33,33,13,/content/generated_inputs_trafficsigns_blackout1/blackout_No passing for vehicles over 3.5 metric tons_Speed limit_60 km-h_No passing for vehicles over 3.5 metric tons_305.png
96,100,9,9,88,92,9,/content/generated_inputs_trafficsigns_blackout2/blackout_Beware of ice-snow_No passing_Beware of ice-snow_295.png
36,39,5,6,31,34,12,/content/generated_inputs_trafficsigns_blackout2/blackout_No vehicles_Right-of-way at the next intersection_Speed limit_120 km-h_296.png
36,39,5,6,31,34,12,/content/generated_inputs_trafficsigns_blackout1/blackout_Priority road_Keep left_End of speed limit_80 km-h_307.png
42,40,6,6,37,35,12,/content/generated_inputs_trafficsigns_blackout2/blackout_Priority road_Priority road_End of speed limit_80 km-h_297.png
45,44,6,5,40,39,8,/content/generated_inputs_trafficsigns_blackout2/blackout_No vehicles_Priority road_No vehicles_298.png
45,44,6,5,40,39,8,/content/generated_inputs_trafficsigns_blackout1/blackout_Yield_Yield_Speed limit_50 km-h_308.png
63,63,6,6,58,58,5,/content/generated_inputs_trafficsigns_blackout2/blackout_Speed limit_120 km-h_Priority road_Speed limit_70 km-h_300.png
31,33,5,5,26,28,17,/content/generated_inputs_trafficsigns_blackout2/blackout_No vehicles_Yield_Yield_302.png
31,33,5,5,26,28,17,/content/generated_inputs_trafficsigns_blackout0/blackout_No entry_Bicycles crossing_Stop_328.png
33,34,5,6,28,29,12,/content/generated_inputs_trafficsigns_blackout2/blackout_Road work_Priority road_No passing for vehicles over 3.5 metric tons_303.png
47,47,5,6,42,42,21,/content/generated_inputs_trafficsigns_blackout2/blackout_Beware of ice-snow_Keep left_Beware of ice-snow_304.png
47,47,5,6,42,42,21,/content/generated_inputs_trafficsigns_blackout0/blackout_Beware of ice-snow_Keep left_Beware of ice-snow_329.png
44,45,5,6,38,39,9,/content/generated_inputs_trafficsigns_blackout2/blackout_Bicycles crossing_End of speed limit_80 km-h_Speed limit_80 km-h_305.png
44,45,5,6,38,39,9,/content/generated_inputs_trafficsigns_blackout0/blackout_No passing_Yield_No passing_330.png
45,46,6,5,40,41,35,/content/generated_inputs_trafficsigns_blackout2/blackout_Beware of ice-snow_Speed limit_70 km-h_Bicycles crossing_306.png
45,46,6,5,40,41,35,/content/generated_inputs_trafficsigns_blackout1/blackout_Turn right ahead_Wild animals crossing_Slippery road_314.png
60,56,6,5,55,51,25,/content/generated_inputs_trafficsigns_blackout2/blackout_Yield_Road work_Yield_308.png
44,46,5,6,39,41,3,/content/generated_inputs_trafficsigns_blackout2/blackout_Wild animals crossing_Speed limit_80 km-h_Yield_309.png
45,46,5,5,39,40,36,/content/generated_inputs_trafficsigns_blackout2/blackout_No entry_Go straight or right_Stop_310.png
45,46,5,5,39,40,36,/content/generated_inputs_trafficsigns_blackout1/blackout_No entry_General caution_Bumpy road_350.png
45,46,5,5,39,40,36,/content/generated_inputs_trafficsigns_blackout0/blackout_Speed limit_20 km-h_Speed limit_70 km-h_Stop_370.png
63,69,6,6,58,63,38,/content/generated_inputs_trafficsigns_blackout2/blackout_Slippery road_Keep right_Keep right_311.png
42,42,5,5,37,37,1,/content/generated_inputs_trafficsigns_blackout2/blackout_Bicycles crossing_Speed limit_30 km-h_Speed limit_30 km-h_312.png
42,42,5,5,37,37,1,/content/generated_inputs_trafficsigns_light1/light_Yield_Yield_Speed limit_50 km-h_186.png
42,42,5,5,37,37,1,/content/generated_inputs_trafficsigns_light2/light_Yield_Yield_Speed limit_50 km-h_186.png
42,42,5,5,37,37,1,/content/generated_inputs_trafficsigns_occl2/occl_No passing for vehicles over 3.5 metric tons_Speed limit_30 km-h_No passing for vehicles over 3.5 metric tons_186.png
42,42,5,5,37,37,1,/content/generated_inputs_trafficsigns_occl1/occl_Speed limit_70 km-h_Speed limit_60 km-h_Speed limit_70 km-h_186.png
42,42,5,5,37,37,1,/content/generated_inputs_trafficsigns_occl0/occl_Wild animals crossing_Speed limit_30 km-h_Speed limit_30 km-h_186.png
42,42,5,5,37,37,1,/content/generated_inputs_trafficsigns_light0/light_Dangerous curve to the left_Wild animals crossing_Turn right ahead_186.png
42,42,5,5,37,37,1,/content/generated_inputs_trafficsigns_blackout0/blackout_Yield_Priority road_Speed limit_50 km-h_337.png
115,112,10,9,105,103,4,/content/generated_inputs_trafficsigns_blackout2/blackout_No entry_Ahead only_Stop_313.png
36,34,6,6,31,29,31,/content/generated_inputs_trafficsigns_blackout2/blackout_Speed limit_70 km-h_Keep left_General caution_314.png
35,36,5,5,30,31,3,/content/generated_inputs_trafficsigns_blackout2/blackout_No passing for vehicles over 3.5 metric tons_Speed limit_60 km-h_No passing for vehicles over 3.5 metric tons_315.png
32,32,6,5,27,27,17,/content/generated_inputs_trafficsigns_blackout2/blackout_No entry_Bicycles crossing_Stop_316.png
32,32,6,5,27,27,17,/content/generated_inputs_trafficsigns_blackout0/blackout_General caution_No entry_Traffic signals_348.png
35,32,6,5,30,27,31,/content/generated_inputs_trafficsigns_blackout2/blackout_Stop_General caution_Stop_317.png
27,27,5,5,21,21,10,/content/generated_inputs_trafficsigns_blackout2/blackout_Yield_Speed limit_100 km-h_Speed limit_50 km-h_320.png
27,27,5,5,21,21,10,/content/generated_inputs_trafficsigns_blackout0/blackout_Yield_Yield_Speed limit_50 km-h_353.png
42,41,6,5,37,36,4,/content/generated_inputs_trafficsigns_blackout2/blackout_Road work_Bicycles crossing_Speed limit_120 km-h_322.png
46,47,5,6,41,42,4,/content/generated_inputs_trafficsigns_blackout2/blackout_Speed limit_70 km-h_Keep left_Beware of ice-snow_323.png
45,44,6,5,40,39,5,/content/generated_inputs_trafficsigns_blackout2/blackout_Keep left_No vehicles_Yield_324.png
50,52,6,6,45,46,14,/content/generated_inputs_trafficsigns_blackout2/blackout_Stop_Ahead only_Stop_325.png
80,73,7,6,73,67,25,/content/generated_inputs_trafficsigns_blackout2/blackout_Roundabout mandatory_Road work_Road work_326.png
41,40,6,6,36,35,11,/content/generated_inputs_trafficsigns_blackout2/blackout_No passing for vehicles over 3.5 metric tons_General caution_General caution_327.png
41,40,6,6,36,35,11,/content/generated_inputs_trafficsigns_blackout0/blackout_Dangerous curve to the left_Slippery road_Children crossing_360.png
65,56,6,5,60,51,12,/content/generated_inputs_trafficsigns_blackout2/blackout_No passing for vehicles over 3.5 metric tons_Speed limit_60 km-h_No passing for vehicles over 3.5 metric tons_328.png
55,48,6,5,49,43,25,/content/generated_inputs_trafficsigns_blackout2/blackout_No passing for vehicles over 3.5 metric tons_Right-of-way at the next intersection_Priority road_329.png
43,45,5,6,38,40,8,/content/generated_inputs_trafficsigns_blackout2/blackout_Speed limit_70 km-h_Yield_Speed limit_70 km-h_331.png
54,50,6,5,48,44,11,/content/generated_inputs_trafficsigns_blackout2/blackout_Right-of-way at the next intersection_Dangerous curve to the left_Right-of-way at the next intersection_332.png
55,51,5,6,50,46,22,/content/generated_inputs_trafficsigns_blackout2/blackout_Road work_Dangerous curve to the right_Slippery road_333.png
55,51,5,6,50,46,22,/content/generated_inputs_trafficsigns_blackout1/blackout_Road work_Dangerous curve to the right_Slippery road_346.png
67,68,6,7,61,62,12,/content/generated_inputs_trafficsigns_blackout2/blackout_Speed limit_70 km-h_Keep right_General caution_334.png
67,68,6,7,61,62,12,/content/generated_inputs_trafficsigns_blackout1/blackout_No vehicles_No vehicles_Yield_347.png
37,34,6,5,31,29,10,/content/generated_inputs_trafficsigns_blackout2/blackout_Keep left_Speed limit_80 km-h_Yield_336.png
37,34,6,5,31,29,10,/content/generated_inputs_trafficsigns_blackout1/blackout_Speed limit_120 km-h_Priority road_Speed limit_70 km-h_349.png
43,42,6,5,38,37,12,/content/generated_inputs_trafficsigns_blackout2/blackout_Yield_Yield_Priority road_337.png
48,47,6,5,43,42,4,/content/generated_inputs_trafficsigns_blackout2/blackout_Speed limit_70 km-h_Keep left_Beware of ice-snow_338.png
74,71,7,6,68,65,12,/content/generated_inputs_trafficsigns_blackout2/blackout_Yield_Road work_Yield_339.png
39,36,6,5,34,31,25,/content/generated_inputs_trafficsigns_blackout2/blackout_Yield_Road work_Speed limit_50 km-h_340.png
96,87,9,7,87,79,18,/content/generated_inputs_trafficsigns_blackout2/blackout_Traffic signals_General caution_Traffic signals_341.png
30,31,5,6,25,26,5,/content/generated_inputs_trafficsigns_blackout2/blackout_Priority road_Right-of-way at the next intersection_Right-of-way at the next intersection_342.png
30,31,5,6,25,26,5,/content/generated_inputs_trafficsigns_blackout0/blackout_Keep left_Priority road_Children crossing_375.png
52,52,6,5,47,47,10,/content/generated_inputs_trafficsigns_blackout2/blackout_Stop_Bumpy road_Road work_343.png
32,30,6,6,27,25,10,/content/generated_inputs_trafficsigns_blackout2/blackout_No passing for vehicles over 3.5 metric tons_No passing for vehicles over 3.5 metric tons_General caution_344.png
53,53,5,6,48,48,25,/content/generated_inputs_trafficsigns_blackout2/blackout_Yield_Road work_Yield_345.png
53,53,5,6,48,48,25,/content/generated_inputs_trafficsigns_blackout1/blackout_Keep right_Road work_Speed limit_50 km-h_355.png
150,137,13,12,137,125,13,/content/generated_inputs_trafficsigns_blackout2/blackout_Bicycles crossing_General caution_Bicycles crossing_346.png
84,87,8,8,77,80,9,/content/generated_inputs_trafficsigns_blackout2/blackout_Priority road_Right-of-way at the next intersection_Priority road_347.png
46,46,6,6,41,41,5,/content/generated_inputs_trafficsigns_blackout2/blackout_Wild animals crossing_Slippery road_General caution_349.png
26,27,5,6,21,22,17,/content/generated_inputs_trafficsigns_blackout2/blackout_No entry_Bicycles crossing_Stop_350.png
43,44,5,6,38,39,1,/content/generated_inputs_trafficsigns_blackout2/blackout_Speed limit_20 km-h_Speed limit_30 km-h_Speed limit_50 km-h_351.png
83,89,7,8,76,82,7,/content/generated_inputs_trafficsigns_blackout2/blackout_Roundabout mandatory_Speed limit_80 km-h_Roundabout mandatory_352.png
83,89,7,8,76,82,7,/content/generated_inputs_trafficsigns_blackout0/blackout_Roundabout mandatory_Speed limit_80 km-h_Roundabout mandatory_386.png
40,39,6,6,35,34,25,/content/generated_inputs_trafficsigns_blackout2/blackout_Slippery road_Road work_General caution_353.png
40,39,6,6,35,34,25,/content/generated_inputs_trafficsigns_blackout0/blackout_Yield_Road work_Yield_7.png
39,40,6,5,33,35,1,/content/generated_inputs_trafficsigns_blackout2/blackout_No vehicles_Children crossing_Speed limit_120 km-h_354.png
48,45,6,6,42,40,25,/content/generated_inputs_trafficsigns_blackout2/blackout_Road work_Road work_Children crossing_356.png
48,45,6,6,42,40,25,/content/generated_inputs_trafficsigns_blackout0/blackout_Yield_Road work_Speed limit_50 km-h_392.png
34,35,5,5,29,30,13,/content/generated_inputs_trafficsigns_blackout2/blackout_Speed limit_120 km-h_Priority road_No passing_357.png
46,42,5,5,41,37,18,/content/generated_inputs_trafficsigns_blackout2/blackout_No passing for vehicles over 3.5 metric tons_Road narrows on the right_No passing for vehicles over 3.5 metric tons_358.png
38,37,6,5,32,32,14,/content/generated_inputs_trafficsigns_blackout2/blackout_Stop_Road work_Stop_359.png
34,34,6,5,29,29,2,/content/generated_inputs_trafficsigns_blackout2/blackout_Bicycles crossing_Slippery road_Children crossing_360.png
42,45,5,6,36,40,38,/content/generated_inputs_trafficsigns_blackout2/blackout_Speed limit_120 km-h_Traffic signals_Speed limit_50 km-h_361.png
42,45,5,6,36,40,38,/content/generated_inputs_trafficsigns_blackout0/blackout_Speed limit_120 km-h_Traffic signals_Speed limit_50 km-h_399.png
57,53,6,6,51,48,23,/content/generated_inputs_trafficsigns_blackout2/blackout_Speed limit_120 km-h_Traffic signals_Children crossing_362.png
58,57,6,5,52,52,14,/content/generated_inputs_trafficsigns_blackout2/blackout_No entry_Pedestrians_Stop_363.png
72,124,6,10,66,114,13,/content/generated_inputs_trafficsigns_blackout2/blackout_Bumpy road_Yield_No passing for vehicles over 3.5 metric tons_364.png
49,49,5,5,43,43,2,/content/generated_inputs_trafficsigns_blackout2/blackout_No passing for vehicles over 3.5 metric tons_General caution_Priority road_366.png
42,44,5,5,37,39,2,/content/generated_inputs_trafficsigns_blackout2/blackout_Speed limit_30 km-h_Right-of-way at the next intersection_Speed limit_50 km-h_367.png
73,72,7,6,67,66,30,/content/generated_inputs_trafficsigns_blackout2/blackout_General caution_Slippery road_General caution_368.png
73,72,7,6,67,66,30,/content/generated_inputs_trafficsigns_blackout1/blackout_General caution_Slippery road_General caution_376.png
29,29,6,6,24,24,2,/content/generated_inputs_trafficsigns_blackout2/blackout_Speed limit_70 km-h_Speed limit_30 km-h_End of speed limit_80 km-h_369.png
29,29,6,6,24,24,2,/content/generated_inputs_trafficsigns_blackout1/blackout_Speed limit_60 km-h_Speed limit_70 km-h_Speed limit_30 km-h_377.png
30,31,5,6,25,26,10,/content/generated_inputs_trafficsigns_blackout2/blackout_Slippery road_Speed limit_70 km-h_Slippery road_370.png
44,40,6,6,38,35,28,/content/generated_inputs_trafficsigns_blackout2/blackout_Bicycles crossing_Vehicles over 3.5 metric tons prohibited_Yield_371.png
45,47,6,6,40,42,38,/content/generated_inputs_trafficsigns_blackout2/blackout_Yield_Keep right_Speed limit_50 km-h_372.png
34,36,6,6,29,31,8,/content/generated_inputs_trafficsigns_blackout2/blackout_Speed limit_120 km-h_Roundabout mandatory_Speed limit_80 km-h_373.png
30,29,6,5,25,24,16,/content/generated_inputs_trafficsigns_blackout2/blackout_Speed limit_120 km-h_Priority road_Speed limit_70 km-h_375.png
64,61,5,5,59,56,5,/content/generated_inputs_trafficsigns_blackout2/blackout_No passing_Speed limit_60 km-h_No passing_376.png
64,61,5,5,59,56,5,/content/generated_inputs_trafficsigns_blackout0/blackout_Speed limit_120 km-h_Priority road_Speed limit_80 km-h_378.png
41,41,6,5,36,36,35,/content/generated_inputs_trafficsigns_blackout2/blackout_End of no passing_Ahead only_Priority road_377.png
47,44,6,6,42,39,29,/content/generated_inputs_trafficsigns_blackout2/blackout_No vehicles_Road work_Children crossing_379.png
47,44,6,6,42,39,29,/content/generated_inputs_trafficsigns_blackout1/blackout_Slippery road_Slippery road_General caution_384.png
30,30,6,5,25,25,17,/content/generated_inputs_trafficsigns_blackout2/blackout_No entry_General caution_General caution_381.png
89,89,8,8,82,82,38,/content/generated_inputs_trafficsigns_blackout2/blackout_Road work_General caution_Bicycles crossing_382.png
39,39,6,6,34,34,5,/content/generated_inputs_trafficsigns_blackout2/blackout_No entry_Road work_Yield_384.png
52,100,6,9,46,92,38,/content/generated_inputs_trafficsigns_blackout2/blackout_Priority road_Right-of-way at the next intersection_End of speed limit_80 km-h_386.png
54,58,5,5,49,53,3,/content/generated_inputs_trafficsigns_blackout2/blackout_No vehicles_Right-of-way at the next intersection_Priority road_387.png
32,30,5,5,26,24,22,/content/generated_inputs_trafficsigns_blackout2/blackout_Traffic signals_Wild animals crossing_Speed limit_120 km-h_388.png
50,49,5,6,45,44,4,/content/generated_inputs_trafficsigns_blackout2/blackout_Speed limit_120 km-h_Priority road_Speed limit_60 km-h_389.png
70,71,6,6,64,65,12,/content/generated_inputs_trafficsigns_blackout2/blackout_No vehicles_No vehicles_Yield_390.png
70,71,6,6,64,65,12,/content/generated_inputs_trafficsigns_blackout1/blackout_Priority road_Right-of-way at the next intersection_Priority road_48.png
29,30,5,6,24,25,8,/content/generated_inputs_trafficsigns_blackout2/blackout_Beware of ice-snow_Keep left_Bicycles crossing_391.png
64,68,5,6,59,62,38,/content/generated_inputs_trafficsigns_blackout2/blackout_General caution_General caution_Traffic signals_392.png
32,33,5,5,26,28,12,/content/generated_inputs_trafficsigns_blackout2/blackout_Speed limit_70 km-h_Speed limit_100 km-h_Speed limit_70 km-h_393.png
31,34,5,6,26,29,12,/content/generated_inputs_trafficsigns_blackout2/blackout_Yield_Yield_No passing for vehicles over 3.5 metric tons_394.png
47,47,5,5,42,42,5,/content/generated_inputs_trafficsigns_blackout2/blackout_Priority road_Children crossing_Traffic signals_395.png
47,47,5,5,42,42,5,/content/generated_inputs_trafficsigns_blackout1/blackout_Pedestrians_Speed limit_30 km-h_Speed limit_30 km-h_398.png
26,28,5,6,21,23,4,/content/generated_inputs_trafficsigns_blackout2/blackout_Speed limit_120 km-h_Priority road_Speed limit_70 km-h_396.png
47,47,5,6,42,42,2,/content/generated_inputs_trafficsigns_blackout2/blackout_Speed limit_60 km-h_Speed limit_70 km-h_Speed limit_80 km-h_397.png
34,33,6,6,29,28,1,/content/generated_inputs_trafficsigns_blackout2/blackout_Road work_Priority road_No vehicles_399.png
48,43,5,5,43,38,22,/content/generated_inputs_trafficsigns_blackout1/blackout_Bumpy road_Bumpy road_General caution_1.png
36,35,5,6,31,30,22,/content/generated_inputs_trafficsigns_blackout1/blackout_Keep left_Speed limit_20 km-h_Double curve_2.png
38,40,6,5,32,34,38,/content/generated_inputs_trafficsigns_blackout1/blackout_No passing_Go straight or right_No passing for vehicles over 3.5 metric tons_3.png
51,50,6,5,46,45,35,/content/generated_inputs_trafficsigns_blackout1/blackout_Keep left_Dangerous curve to the right_Speed limit_50 km-h_4.png
30,31,6,5,25,26,17,/content/generated_inputs_trafficsigns_blackout1/blackout_Speed limit_20 km-h_General caution_Speed limit_50 km-h_5.png
48,46,5,6,43,41,12,/content/generated_inputs_trafficsigns_blackout1/blackout_Priority road_Right-of-way at the next intersection_Priority road_6.png
48,56,1,6,43,51,15,/content/generated_inputs_trafficsigns_blackout1/blackout_No vehicles_General caution_No vehicles_9.png
37,36,5,5,32,30,11,/content/generated_inputs_trafficsigns_blackout1/blackout_No passing for vehicles over 3.5 metric tons_General caution_Priority road_10.png
74,73,7,6,68,67,38,/content/generated_inputs_trafficsigns_blackout1/blackout_Road work_Bicycles crossing_No vehicles_11.png
74,73,7,6,68,67,38,/content/generated_inputs_trafficsigns_blackout0/blackout_Priority road_Right-of-way at the next intersection_Priority road_11.png
40,38,5,6,35,33,25,/content/generated_inputs_trafficsigns_blackout1/blackout_No passing_No passing_Yield_12.png
40,38,5,6,35,33,25,/content/generated_inputs_trafficsigns_light1/light_Dangerous curve to the left_Wild animals crossing_Turn right ahead_28.png
40,38,5,6,35,33,25,/content/generated_inputs_trafficsigns_light2/light_Yield_Yield_Speed limit_50 km-h_28.png
40,38,5,6,35,33,25,/content/generated_inputs_trafficsigns_occl2/occl_Beware of ice-snow_Go straight or right_Speed limit_60 km-h_28.png
40,38,5,6,35,33,25,/content/generated_inputs_trafficsigns_occl1/occl_No passing for vehicles over 3.5 metric tons_Speed limit_60 km-h_No passing for vehicles over 3.5 metric tons_28.png
40,38,5,6,35,33,25,/content/generated_inputs_trafficsigns_occl0/occl_Wild animals crossing_Road work_Wild animals crossing_28.png
40,38,5,6,35,33,25,/content/generated_inputs_trafficsigns_light0/light_Dangerous curve to the left_Wild animals crossing_Turn right ahead_28.png
30,30,6,6,25,25,2,/content/generated_inputs_trafficsigns_blackout1/blackout_Yield_Yield_Speed limit_50 km-h_13.png
44,45,5,6,39,40,3,/content/generated_inputs_trafficsigns_blackout1/blackout_Ahead only_Speed limit_60 km-h_Speed limit_50 km-h_14.png
41,40,5,6,36,35,12,/content/generated_inputs_trafficsigns_blackout1/blackout_Priority road_No passing_No passing_19.png
32,32,6,6,27,27,35,/content/generated_inputs_trafficsigns_blackout1/blackout_Ahead only_Slippery road_Ahead only_23.png
32,32,6,6,27,27,35,/content/generated_inputs_trafficsigns_blackout0/blackout_Road work_Ahead only_Children crossing_303.png
58,67,5,6,53,61,1,/content/generated_inputs_trafficsigns_blackout1/blackout_Stop_General caution_Stop_25.png
58,67,5,6,53,61,1,/content/generated_inputs_trafficsigns_light1/light_Yield_Yield_Speed limit_50 km-h_51.png
58,67,5,6,53,61,1,/content/generated_inputs_trafficsigns_light2/light_Yield_Yield_Speed limit_50 km-h_51.png
58,67,5,6,53,61,1,/content/generated_inputs_trafficsigns_occl2/occl_Speed limit_30 km-h_Speed limit_60 km-h_Traffic signals_51.png
58,67,5,6,53,61,1,/content/generated_inputs_trafficsigns_occl1/occl_No entry_Speed limit_120 km-h_Speed limit_70 km-h_51.png
58,67,5,6,53,61,1,/content/generated_inputs_trafficsigns_occl0/occl_Speed limit_70 km-h_Speed limit_30 km-h_Speed limit_30 km-h_51.png
58,67,5,6,53,61,1,/content/generated_inputs_trafficsigns_light0/light_Dangerous curve to the left_Wild animals crossing_Turn right ahead_51.png
58,67,5,6,53,61,1,/content/generated_inputs_trafficsigns_blackout0/blackout_Stop_General caution_Stop_25.png
45,45,5,6,40,40,35,/content/generated_inputs_trafficsigns_blackout1/blackout_Ahead only_Priority road_Keep left_32.png
29,30,5,6,24,25,11,/content/generated_inputs_trafficsigns_blackout1/blackout_Speed limit_50 km-h_Speed limit_60 km-h_Speed limit_50 km-h_33.png
63,60,5,6,58,55,23,/content/generated_inputs_trafficsigns_blackout1/blackout_Slippery road_Wild animals crossing_General caution_34.png
63,60,5,6,58,55,23,/content/generated_inputs_trafficsigns_light1/light_Dangerous curve to the left_Wild animals crossing_Turn right ahead_72.png
63,60,5,6,58,55,23,/content/generated_inputs_trafficsigns_light2/light_Dangerous curve to the left_Wild animals crossing_Turn right ahead_72.png
63,60,5,6,58,55,23,/content/generated_inputs_trafficsigns_occl2/occl_No passing for vehicles over 3.5 metric tons_Slippery road_No passing for vehicles over 3.5 metric tons_72.png
63,60,5,6,58,55,23,/content/generated_inputs_trafficsigns_occl1/occl_No passing for vehicles over 3.5 metric tons_Speed limit_100 km-h_No passing for vehicles over 3.5 metric tons_72.png
63,60,5,6,58,55,23,/content/generated_inputs_trafficsigns_occl0/occl_Road work_Road work_Yield_72.png
63,60,5,6,58,55,23,/content/generated_inputs_trafficsigns_light0/light_Dangerous curve to the left_Wild animals crossing_Turn right ahead_72.png
87,88,8,8,80,81,4,/content/generated_inputs_trafficsigns_blackout1/blackout_Speed limit_100 km-h_Ahead only_Speed limit_120 km-h_35.png
87,88,8,8,80,81,4,/content/generated_inputs_trafficsigns_light1/light_Dangerous curve to the left_Wild animals crossing_Turn right ahead_75.png
87,88,8,8,80,81,4,/content/generated_inputs_trafficsigns_light2/light_Yield_Yield_Speed limit_50 km-h_75.png
87,88,8,8,80,81,4,/content/generated_inputs_trafficsigns_occl2/occl_No passing for vehicles over 3.5 metric tons_General caution_No passing for vehicles over 3.5 metric tons_75.png
87,88,8,8,80,81,4,/content/generated_inputs_trafficsigns_occl1/occl_Speed limit_70 km-h_Keep right_Speed limit_70 km-h_75.png
87,88,8,8,80,81,4,/content/generated_inputs_trafficsigns_occl0/occl_Speed limit_70 km-h_Speed limit_120 km-h_Speed limit_70 km-h_75.png
87,88,8,8,80,81,4,/content/generated_inputs_trafficsigns_light0/light_Dangerous curve to the left_Wild animals crossing_Turn right ahead_75.png
30,31,6,6,25,26,6,/content/generated_inputs_trafficsigns_blackout1/blackout_End of speed limit_80 km-h_Wild animals crossing_Roundabout mandatory_38.png
49,54,6,6,44,48,15,/content/generated_inputs_trafficsigns_blackout1/blackout_Speed limit_70 km-h_Speed limit_100 km-h_No vehicles_39.png
54,54,5,5,49,49,7,/content/generated_inputs_trafficsigns_blackout1/blackout_Speed limit_120 km-h_Traffic signals_Speed limit_120 km-h_42.png
54,54,5,5,49,49,7,/content/generated_inputs_trafficsigns_light1/light_Dangerous curve to the left_Wild animals crossing_Turn right ahead_89.png
54,54,5,5,49,49,7,/content/generated_inputs_trafficsigns_light2/light_Yield_Yield_Speed limit_50 km-h_89.png
54,54,5,5,49,49,7,/content/generated_inputs_trafficsigns_occl2/occl_No passing for vehicles over 3.5 metric tons_Speed limit_100 km-h_Speed limit_100 km-h_89.png
54,54,5,5,49,49,7,/content/generated_inputs_trafficsigns_occl1/occl_No passing for vehicles over 3.5 metric tons_Keep right_No passing for vehicles over 3.5 metric tons_89.png
54,54,5,5,49,49,7,/content/generated_inputs_trafficsigns_occl0/occl_Speed limit_100 km-h_Speed limit_120 km-h_Speed limit_100 km-h_89.png
54,54,5,5,49,49,7,/content/generated_inputs_trafficsigns_light0/light_Dangerous curve to the left_Wild animals crossing_Turn right ahead_89.png
54,54,5,5,49,49,7,/content/generated_inputs_trafficsigns_blackout0/blackout_Roundabout mandatory_Speed limit_100 km-h_Speed limit_100 km-h_42.png
33,28,6,5,28,23,13,/content/generated_inputs_trafficsigns_blackout1/blackout_No passing_Speed limit_120 km-h_No passing_43.png
38,40,5,6,33,35,8,/content/generated_inputs_trafficsigns_blackout1/blackout_Speed limit_120 km-h_Go straight or left_Stop_44.png
38,40,5,6,33,35,8,/content/generated_inputs_trafficsigns_light1/light_Dangerous curve to the left_Wild animals crossing_Turn right ahead_95.png
38,40,5,6,33,35,8,/content/generated_inputs_trafficsigns_light2/light_Yield_Yield_Speed limit_50 km-h_95.png
38,40,5,6,33,35,8,/content/generated_inputs_trafficsigns_occl2/occl_No passing for vehicles over 3.5 metric tons_Speed limit_120 km-h_Stop_95.png
38,40,5,6,33,35,8,/content/generated_inputs_trafficsigns_occl1/occl_No passing for vehicles over 3.5 metric tons_Speed limit_60 km-h_No passing for vehicles over 3.5 metric tons_95.png
38,40,5,6,33,35,8,/content/generated_inputs_trafficsigns_occl0/occl_Road work_Speed limit_120 km-h_Speed limit_120 km-h_95.png
38,40,5,6,33,35,8,/content/generated_inputs_trafficsigns_light0/light_Dangerous curve to the left_Wild animals crossing_Turn right ahead_95.png
125,125,11,11,115,114,14,/content/generated_inputs_trafficsigns_blackout1/blackout_Road work_Road work_Speed limit_50 km-h_46.png
125,125,11,11,115,114,14,/content/generated_inputs_trafficsigns_light1/light_Dangerous curve to the left_Wild animals crossing_Turn right ahead_99.png
125,125,11,11,115,114,14,/content/generated_inputs_trafficsigns_light2/light_Yield_Yield_Speed limit_50 km-h_99.png
125,125,11,11,115,114,14,/content/generated_inputs_trafficsigns_occl2/occl_No passing for vehicles over 3.5 metric tons_Speed limit_60 km-h_No passing for vehicles over 3.5 metric tons_99.png
125,125,11,11,115,114,14,/content/generated_inputs_trafficsigns_occl1/occl_Stop_Speed limit_120 km-h_Stop_99.png
125,125,11,11,115,114,14,/content/generated_inputs_trafficsigns_occl0/occl_Turn left ahead_No vehicles_Yield_99.png
125,125,11,11,115,114,14,/content/generated_inputs_trafficsigns_light0/light_Dangerous curve to the left_Wild animals crossing_Turn right ahead_99.png
146,143,12,12,134,131,12,/content/generated_inputs_trafficsigns_blackout1/blackout_Priority road_End of no passing_Priority road_50.png
146,143,12,12,134,131,12,/content/generated_inputs_trafficsigns_light1/light_Dangerous curve to the left_Wild animals crossing_Turn right ahead_106.png
146,143,12,12,134,131,12,/content/generated_inputs_trafficsigns_light2/light_Yield_Yield_Speed limit_50 km-h_106.png
146,143,12,12,134,131,12,/content/generated_inputs_trafficsigns_occl2/occl_No passing for vehicles over 3.5 metric tons_Turn left ahead_Speed limit_60 km-h_106.png
146,143,12,12,134,131,12,/content/generated_inputs_trafficsigns_occl1/occl_No passing for vehicles over 3.5 metric tons_Speed limit_60 km-h_No passing for vehicles over 3.5 metric tons_106.png
146,143,12,12,134,131,12,/content/generated_inputs_trafficsigns_occl0/occl_Right-of-way at the next intersection_Priority road_Priority road_106.png
146,143,12,12,134,131,12,/content/generated_inputs_trafficsigns_light0/light_Dangerous curve to the left_Wild animals crossing_Turn right ahead_106.png
146,143,12,12,134,131,12,/content/generated_inputs_trafficsigns_blackout0/blackout_Traffic signals_General caution_General caution_52.png
28,31,6,6,22,26,6,/content/generated_inputs_trafficsigns_blackout1/blackout_No entry_Road work_Yield_52.png
28,31,6,6,22,26,6,/content/generated_inputs_trafficsigns_light1/light_Dangerous curve to the left_Wild animals crossing_Turn right ahead_111.png
28,31,6,6,22,26,6,/content/generated_inputs_trafficsigns_light2/light_Yield_Yield_Speed limit_50 km-h_111.png
28,31,6,6,22,26,6,/content/generated_inputs_trafficsigns_occl2/occl_End of speed limit_80 km-h_Speed limit_60 km-h_Speed limit_60 km-h_111.png
28,31,6,6,22,26,6,/content/generated_inputs_trafficsigns_occl1/occl_No passing for vehicles over 3.5 metric tons_Speed limit_120 km-h_General caution_111.png
28,31,6,6,22,26,6,/content/generated_inputs_trafficsigns_occl0/occl_End of speed limit_80 km-h_Speed limit_120 km-h_Speed limit_30 km-h_111.png
28,31,6,6,22,26,6,/content/generated_inputs_trafficsigns_light0/light_Dangerous curve to the left_Wild animals crossing_Turn right ahead_111.png
39,39,6,6,34,34,31,/content/generated_inputs_trafficsigns_blackout1/blackout_Speed limit_120 km-h_Priority road_Children crossing_55.png
70,73,6,6,64,67,8,/content/generated_inputs_trafficsigns_blackout1/blackout_Keep left_Yield_Turn right ahead_57.png
33,34,5,6,27,29,32,/content/generated_inputs_trafficsigns_blackout1/blackout_Speed limit_120 km-h_Traffic signals_Speed limit_50 km-h_58.png
59,58,6,6,54,53,25,/content/generated_inputs_trafficsigns_blackout1/blackout_General caution_Road narrows on the right_Bicycles crossing_59.png
70,64,6,5,64,58,29,/content/generated_inputs_trafficsigns_blackout1/blackout_Beware of ice-snow_Keep left_Bicycles crossing_60.png
93,99,8,9,85,91,4,/content/generated_inputs_trafficsigns_blackout1/blackout_Speed limit_70 km-h_General caution_General caution_61.png
73,69,7,7,67,63,11,/content/generated_inputs_trafficsigns_blackout1/blackout_Stop_Traffic signals_Stop_62.png
32,32,6,5,26,27,17,/content/generated_inputs_trafficsigns_blackout1/blackout_No entry_Right-of-way at the next intersection_Stop_64.png
55,51,6,5,50,45,13,/content/generated_inputs_trafficsigns_blackout1/blackout_Speed limit_120 km-h_Yield_Yield_65.png
39,36,6,5,34,31,33,/content/generated_inputs_trafficsigns_blackout1/blackout_No vehicles_Road work_Road narrows on the right_66.png
87,87,8,7,79,79,40,/content/generated_inputs_trafficsigns_blackout1/blackout_Keep left_Speed limit_70 km-h_Wild animals crossing_68.png
87,87,8,7,79,79,40,/content/generated_inputs_trafficsigns_light1/light_Yield_Yield_Speed limit_50 km-h_147.png
87,87,8,7,79,79,40,/content/generated_inputs_trafficsigns_light2/light_Dangerous curve to the left_Wild animals crossing_Turn right ahead_147.png
87,87,8,7,79,79,40,/content/generated_inputs_trafficsigns_occl2/occl_No passing for vehicles over 3.5 metric tons_Keep right_Speed limit_60 km-h_147.png
87,87,8,7,79,79,40,/content/generated_inputs_trafficsigns_occl1/occl_No passing for vehicles over 3.5 metric tons_Speed limit_60 km-h_General caution_147.png
87,87,8,7,79,79,40,/content/generated_inputs_trafficsigns_occl0/occl_Roundabout mandatory_Speed limit_120 km-h_Keep left_147.png
87,87,8,7,79,79,40,/content/generated_inputs_trafficsigns_light0/light_Yield_Yield_Speed limit_50 km-h_147.png
40,40,6,5,35,35,1,/content/generated_inputs_trafficsigns_blackout1/blackout_Road work_Priority road_Speed limit_120 km-h_71.png
58,58,6,5,53,53,8,/content/generated_inputs_trafficsigns_blackout1/blackout_No vehicles_Roundabout mandatory_Yield_72.png
35,36,5,6,30,31,10,/content/generated_inputs_trafficsigns_blackout1/blackout_Keep left_Speed limit_120 km-h_Speed limit_50 km-h_79.png
35,36,5,6,30,31,10,/content/generated_inputs_trafficsigns_light1/light_Dangerous curve to the left_Wild animals crossing_Turn right ahead_166.png
35,36,5,6,30,31,10,/content/generated_inputs_trafficsigns_light2/light_Dangerous curve to the left_Wild animals crossing_Turn right ahead_166.png
35,36,5,6,30,31,10,/content/generated_inputs_trafficsigns_occl1/occl_No passing for vehicles over 3.5 metric tons_Right-of-way at the next intersection_No passing for vehicles over 3.5 metric tons_166.png
35,36,5,6,30,31,10,/content/generated_inputs_trafficsigns_occl0/occl_End of no passing for vehicles over 3.5 metric tons_No passing for vehicles over 3.5 metric tons_Speed limit_120 km-h_166.png
35,36,5,6,30,31,10,/content/generated_inputs_trafficsigns_light0/light_Dangerous curve to the left_Wild animals crossing_Turn right ahead_166.png
56,52,5,5,51,47,24,/content/generated_inputs_trafficsigns_blackout1/blackout_Stop_Traffic signals_Stop_81.png
56,52,5,5,51,47,24,/content/generated_inputs_trafficsigns_light1/light_Dangerous curve to the left_Wild animals crossing_Turn right ahead_169.png
56,52,5,5,51,47,24,/content/generated_inputs_trafficsigns_light2/light_Yield_Yield_Speed limit_50 km-h_169.png
56,52,5,5,51,47,24,/content/generated_inputs_trafficsigns_occl2/occl_No passing for vehicles over 3.5 metric tons_Speed limit_100 km-h_Stop_169.png
56,52,5,5,51,47,24,/content/generated_inputs_trafficsigns_occl1/occl_No passing for vehicles over 3.5 metric tons_Keep right_No passing for vehicles over 3.5 metric tons_169.png
56,52,5,5,51,47,24,/content/generated_inputs_trafficsigns_occl0/occl_Road work_Children crossing_Yield_169.png
56,52,5,5,51,47,24,/content/generated_inputs_trafficsigns_light0/light_Dangerous curve to the left_Wild animals crossing_Turn right ahead_169.png
56,52,5,5,51,47,24,/content/generated_inputs_trafficsigns_blackout0/blackout_Speed limit_70 km-h_No passing_Speed limit_70 km-h_83.png
30,30,5,5,25,25,4,/content/generated_inputs_trafficsigns_blackout1/blackout_Stop_Bumpy road_Yield_82.png
81,81,7,7,74,74,34,/content/generated_inputs_trafficsigns_blackout1/blackout_Turn left ahead_Turn left ahead_Turn right ahead_83.png
81,81,7,7,74,74,34,/content/generated_inputs_trafficsigns_light1/light_Yield_Yield_Speed limit_50 km-h_173.png
81,81,7,7,74,74,34,/content/generated_inputs_trafficsigns_light2/light_Dangerous curve to the left_Wild animals crossing_Turn right ahead_173.png
81,81,7,7,74,74,34,/content/generated_inputs_trafficsigns_occl2/occl_Speed limit_60 km-h_Turn left ahead_Speed limit_60 km-h_173.png
81,81,7,7,74,74,34,/content/generated_inputs_trafficsigns_occl1/occl_No passing for vehicles over 3.5 metric tons_Go straight or right_Speed limit_60 km-h_173.png
81,81,7,7,74,74,34,/content/generated_inputs_trafficsigns_occl0/occl_Turn left ahead_Speed limit_120 km-h_Turn left ahead_173.png
81,81,7,7,74,74,34,/content/generated_inputs_trafficsigns_light0/light_Dangerous curve to the left_Wild animals crossing_Turn right ahead_173.png
31,33,5,5,26,28,12,/content/generated_inputs_trafficsigns_blackout1/blackout_Keep left_Speed limit_120 km-h_Speed limit_50 km-h_84.png
44,42,5,6,39,37,11,/content/generated_inputs_trafficsigns_blackout1/blackout_Bicycles crossing_Vehicles over 3.5 metric tons prohibited_Vehicles over 3.5 metric tons prohibited_85.png
40,37,6,5,35,32,31,/content/generated_inputs_trafficsigns_blackout1/blackout_Keep left_Children crossing_Wild animals crossing_86.png
40,37,6,5,35,32,31,/content/generated_inputs_trafficsigns_light1/light_Dangerous curve to the left_Wild animals crossing_Turn right ahead_183.png
40,37,6,5,35,32,31,/content/generated_inputs_trafficsigns_light2/light_Yield_Yield_Speed limit_50 km-h_183.png
40,37,6,5,35,32,31,/content/generated_inputs_trafficsigns_occl2/occl_No passing for vehicles over 3.5 metric tons_Speed limit_60 km-h_Speed limit_60 km-h_183.png
40,37,6,5,35,32,31,/content/generated_inputs_trafficsigns_occl1/occl_No passing for vehicles over 3.5 metric tons_Speed limit_100 km-h_No passing for vehicles over 3.5 metric tons_183.png
40,37,6,5,35,32,31,/content/generated_inputs_trafficsigns_occl0/occl_Wild animals crossing_Road work_Wild animals crossing_183.png
40,37,6,5,35,32,31,/content/generated_inputs_trafficsigns_light0/light_Dangerous curve to the left_Wild animals crossing_Turn right ahead_183.png
61,60,6,5,56,55,16,/content/generated_inputs_trafficsigns_blackout1/blackout_Priority road_Right-of-way at the next intersection_Priority road_87.png
61,60,6,5,56,55,16,/content/generated_inputs_trafficsigns_light1/light_Dangerous curve to the left_Wild animals crossing_Turn right ahead_185.png
61,60,6,5,56,55,16,/content/generated_inputs_trafficsigns_light2/light_Yield_Yield_Speed limit_50 km-h_185.png
61,60,6,5,56,55,16,/content/generated_inputs_trafficsigns_occl2/occl_No passing for vehicles over 3.5 metric tons_Speed limit_60 km-h_Speed limit_60 km-h_185.png
61,60,6,5,56,55,16,/content/generated_inputs_trafficsigns_occl1/occl_Vehicles over 3.5 metric tons prohibited_Go straight or right_Speed limit_60 km-h_185.png
61,60,6,5,56,55,16,/content/generated_inputs_trafficsigns_occl0/occl_Keep left_End of no passing_Wild animals crossing_185.png
61,60,6,5,56,55,16,/content/generated_inputs_trafficsigns_light0/light_Dangerous curve to the left_Wild animals crossing_Turn right ahead_185.png
61,60,6,5,56,55,16,/content/generated_inputs_trafficsigns_blackout0/blackout_Priority road_Right-of-way at the next intersection_Priority road_90.png
42,42,5,6,37,37,15,/content/generated_inputs_trafficsigns_blackout1/blackout_Priority road_Right-of-way at the next intersection_Priority road_88.png
42,42,5,6,37,37,15,/content/generated_inputs_trafficsigns_blackout0/blackout_No vehicles_Wild animals crossing_Speed limit_120 km-h_91.png
94,85,9,8,86,78,21,/content/generated_inputs_trafficsigns_blackout1/blackout_Road narrows on the right_Dangerous curve to the left_Wild animals crossing_89.png
94,85,9,8,86,78,21,/content/generated_inputs_trafficsigns_light1/light_Yield_Yield_Speed limit_50 km-h_188.png
94,85,9,8,86,78,21,/content/generated_inputs_trafficsigns_light2/light_Yield_Yield_Speed limit_50 km-h_188.png
94,85,9,8,86,78,21,/content/generated_inputs_trafficsigns_occl2/occl_No passing for vehicles over 3.5 metric tons_General caution_No passing for vehicles over 3.5 metric tons_188.png
94,85,9,8,86,78,21,/content/generated_inputs_trafficsigns_occl1/occl_No passing for vehicles over 3.5 metric tons_Go straight or right_No passing for vehicles over 3.5 metric tons_188.png
94,85,9,8,86,78,21,/content/generated_inputs_trafficsigns_occl0/occl_Wild animals crossing_Double curve_Wild animals crossing_188.png
94,85,9,8,86,78,21,/content/generated_inputs_trafficsigns_light0/light_Dangerous curve to the left_Wild animals crossing_Turn right ahead_188.png
33,31,6,5,27,26,13,/content/generated_inputs_trafficsigns_blackout1/blackout_Speed limit_120 km-h_Priority road_No passing_91.png
33,31,6,5,27,26,13,/content/generated_inputs_trafficsigns_light1/light_Dangerous curve to the left_Wild animals crossing_Turn right ahead_191.png
33,31,6,5,27,26,13,/content/generated_inputs_trafficsigns_light2/light_Yield_Yield_Speed limit_50 km-h_191.png
33,31,6,5,27,26,13,/content/generated_inputs_trafficsigns_occl2/occl_Speed limit_120 km-h_Yield_Speed limit_60 km-h_191.png
33,31,6,5,27,26,13,/content/generated_inputs_trafficsigns_occl1/occl_No passing for vehicles over 3.5 metric tons_Speed limit_60 km-h_Speed limit_60 km-h_191.png
33,31,6,5,27,26,13,/content/generated_inputs_trafficsigns_occl0/occl_Turn left ahead_Yield_Yield_191.png
33,31,6,5,27,26,13,/content/generated_inputs_trafficsigns_light0/light_Dangerous curve to the left_Wild animals crossing_Turn right ahead_191.png
34,33,6,6,28,28,38,/content/generated_inputs_trafficsigns_blackout1/blackout_No vehicles_Wild animals crossing_Speed limit_30 km-h_92.png
37,38,5,6,32,33,4,/content/generated_inputs_trafficsigns_blackout1/blackout_Dangerous curve to the right_Children crossing_Children crossing_95.png
36,35,6,5,31,30,1,/content/generated_inputs_trafficsigns_blackout1/blackout_Speed limit_80 km-h_Speed limit_50 km-h_Yield_98.png
55,51,6,6,50,46,31,/content/generated_inputs_trafficsigns_blackout1/blackout_Roundabout mandatory_Wild animals crossing_Go straight or right_101.png
49,50,5,6,44,45,5,/content/generated_inputs_trafficsigns_blackout1/blackout_Speed limit_80 km-h_Speed limit_80 km-h_Speed limit_30 km-h_102.png
55,55,5,5,50,50,9,/content/generated_inputs_trafficsigns_blackout1/blackout_No passing for vehicles over 3.5 metric tons_Speed limit_60 km-h_No passing for vehicles over 3.5 metric tons_103.png
63,56,5,5,58,51,25,/content/generated_inputs_trafficsigns_blackout1/blackout_No entry_Road work_Yield_104.png
45,41,5,5,40,36,13,/content/generated_inputs_trafficsigns_blackout1/blackout_No passing for vehicles over 3.5 metric tons_Bicycles crossing_No passing for vehicles over 3.5 metric tons_105.png
39,38,5,5,34,33,14,/content/generated_inputs_trafficsigns_blackout1/blackout_Road work_Road work_Speed limit_70 km-h_106.png
48,41,5,6,43,36,13,/content/generated_inputs_trafficsigns_blackout1/blackout_Priority road_Right-of-way at the next intersection_Right-of-way at the next intersection_107.png
35,35,5,5,30,30,12,/content/generated_inputs_trafficsigns_blackout1/blackout_Children crossing_Slippery road_End of speed limit_80 km-h_108.png
93,93,8,8,85,85,10,/content/generated_inputs_trafficsigns_blackout1/blackout_Road work_Priority road_Speed limit_120 km-h_109.png
39,40,6,6,33,35,38,/content/generated_inputs_trafficsigns_blackout1/blackout_Keep right_Go straight or right_No vehicles_111.png
39,40,6,6,33,35,38,/content/generated_inputs_trafficsigns_blackout0/blackout_Road work_Yield_Yield_117.png
105,97,9,9,96,89,25,/content/generated_inputs_trafficsigns_blackout1/blackout_No vehicles_Road work_Yield_112.png
40,41,5,6,35,36,32,/content/generated_inputs_trafficsigns_blackout1/blackout_Speed limit_30 km-h_Speed limit_70 km-h_Speed limit_30 km-h_113.png
55,53,5,5,49,47,11,/content/generated_inputs_trafficsigns_blackout1/blackout_General caution_Right-of-way at the next intersection_End of speed limit_80 km-h_116.png
38,38,5,5,33,33,12,/content/generated_inputs_trafficsigns_blackout1/blackout_Yield_Yield_No passing for vehicles over 3.5 metric tons_117.png
46,44,5,5,41,39,8,/content/generated_inputs_trafficsigns_blackout1/blackout_Beware of ice-snow_Speed limit_70 km-h_Bicycles crossing_118.png
58,57,5,6,53,52,9,/content/generated_inputs_trafficsigns_blackout1/blackout_End of no passing_No passing_No passing_122.png
48,47,5,5,43,42,13,/content/generated_inputs_trafficsigns_blackout1/blackout_Yield_Yield_Speed limit_50 km-h_123.png
30,31,5,5,24,25,8,/content/generated_inputs_trafficsigns_blackout1/blackout_Bicycles crossing_End of speed limit_80 km-h_Speed limit_120 km-h_124.png
48,48,6,6,43,43,4,/content/generated_inputs_trafficsigns_blackout1/blackout_Roundabout mandatory_Right-of-way at the next intersection_Priority road_126.png
48,48,6,6,43,43,4,/content/generated_inputs_trafficsigns_blackout0/blackout_No entry_General caution_General caution_135.png
59,59,6,5,54,53,38,/content/generated_inputs_trafficsigns_blackout1/blackout_Keep right_Go straight or right_Keep right_127.png
36,35,6,6,30,30,10,/content/generated_inputs_trafficsigns_blackout1/blackout_Priority road_Right-of-way at the next intersection_Priority road_128.png
35,35,6,6,30,30,1,/content/generated_inputs_trafficsigns_blackout1/blackout_Speed limit_20 km-h_Ahead only_Stop_129.png
68,71,7,7,62,65,35,/content/generated_inputs_trafficsigns_blackout1/blackout_Turn right ahead_Ahead only_Ahead only_131.png
42,42,6,5,37,37,12,/content/generated_inputs_trafficsigns_blackout1/blackout_Priority road_Traffic signals_Priority road_132.png
91,91,8,8,83,83,41,/content/generated_inputs_trafficsigns_blackout1/blackout_Road work_Priority road_Speed limit_80 km-h_133.png
36,36,5,6,31,31,8,/content/generated_inputs_trafficsigns_blackout1/blackout_Stop_Road narrows on the right_Stop_134.png
43,44,5,6,38,39,10,/content/generated_inputs_trafficsigns_blackout1/blackout_Keep left_No vehicles_No passing for vehicles over 3.5 metric tons_135.png
65,55,6,6,60,50,12,/content/generated_inputs_trafficsigns_blackout1/blackout_End of speed limit_80 km-h_Yield_Yield_136.png
30,31,5,5,24,25,16,/content/generated_inputs_trafficsigns_blackout1/blackout_No vehicles_No vehicles_No passing_137.png
58,53,5,6,53,48,25,/content/generated_inputs_trafficsigns_blackout1/blackout_No passing_Keep left_No passing_138.png
44,53,6,6,39,48,2,/content/generated_inputs_trafficsigns_blackout1/blackout_Ahead only_Double curve_Go straight or right_139.png
32,32,5,5,27,27,5,/content/generated_inputs_trafficsigns_blackout1/blackout_Bicycles crossing_Vehicles over 3.5 metric tons prohibited_Speed limit_100 km-h_140.png
41,45,5,5,36,40,1,/content/generated_inputs_trafficsigns_blackout1/blackout_Speed limit_80 km-h_Speed limit_80 km-h_Yield_141.png
81,74,8,7,74,68,20,/content/generated_inputs_trafficsigns_blackout1/blackout_Bicycles crossing_Road work_Speed limit_50 km-h_142.png
28,30,5,6,23,25,3,/content/generated_inputs_trafficsigns_blackout1/blackout_Bicycles crossing_Vehicles over 3.5 metric tons prohibited_Speed limit_100 km-h_143.png
45,46,6,5,40,41,10,/content/generated_inputs_trafficsigns_blackout1/blackout_No passing for vehicles over 3.5 metric tons_Dangerous curve to the right_Priority road_145.png
29,28,6,5,24,23,10,/content/generated_inputs_trafficsigns_blackout1/blackout_Speed limit_70 km-h_Keep left_Speed limit_70 km-h_147.png
69,68,7,7,63,62,8,/content/generated_inputs_trafficsigns_blackout1/blackout_Roundabout mandatory_Stop_Priority road_148.png
85,76,8,7,78,70,31,/content/generated_inputs_trafficsigns_blackout1/blackout_Bicycles crossing_Traffic signals_Bicycles crossing_149.png
85,76,8,7,78,70,31,/content/generated_inputs_trafficsigns_blackout0/blackout_Speed limit_30 km-h_Road work_Stop_166.png
33,33,5,6,28,28,35,/content/generated_inputs_trafficsigns_blackout1/blackout_No passing for vehicles over 3.5 metric tons_Slippery road_General caution_155.png
29,31,5,6,24,26,17,/content/generated_inputs_trafficsigns_blackout1/blackout_No entry_Traffic signals_No entry_156.png
50,51,6,6,45,46,35,/content/generated_inputs_trafficsigns_blackout1/blackout_Roundabout mandatory_Ahead only_Turn right ahead_157.png
29,45,5,6,23,40,15,/content/generated_inputs_trafficsigns_blackout1/blackout_Road work_Priority road_No vehicles_158.png
34,35,6,6,29,30,3,/content/generated_inputs_trafficsigns_blackout1/blackout_Speed limit_60 km-h_Priority road_Children crossing_159.png
30,32,6,6,25,27,10,/content/generated_inputs_trafficsigns_blackout1/blackout_Bicycles crossing_Slippery road_General caution_161.png
39,37,6,6,34,32,1,/content/generated_inputs_trafficsigns_blackout1/blackout_No entry_Keep right_Speed limit_70 km-h_162.png
35,35,6,6,30,30,2,/content/generated_inputs_trafficsigns_blackout1/blackout_Speed limit_50 km-h_Yield_Speed limit_30 km-h_163.png
84,93,7,9,77,85,9,/content/generated_inputs_trafficsigns_blackout1/blackout_No passing_Speed limit_100 km-h_No passing_164.png
73,75,6,6,67,69,9,/content/generated_inputs_trafficsigns_blackout1/blackout_No vehicles_Right-of-way at the next intersection_Dangerous curve to the left_165.png
50,51,6,5,45,46,4,/content/generated_inputs_trafficsigns_blackout1/blackout_Speed limit_70 km-h_Keep right_Stop_167.png
129,116,12,11,118,106,25,/content/generated_inputs_trafficsigns_blackout1/blackout_Priority road_Dangerous curve to the left_Double curve_168.png
35,36,6,6,30,31,7,/content/generated_inputs_trafficsigns_blackout1/blackout_No passing for vehicles over 3.5 metric tons_Go straight or right_No passing for vehicles over 3.5 metric tons_170.png
31,31,5,5,26,26,42,/content/generated_inputs_trafficsigns_blackout1/blackout_Turn right ahead_Slippery road_Slippery road_172.png
81,82,7,8,74,74,9,/content/generated_inputs_trafficsigns_blackout1/blackout_No passing_Speed limit_70 km-h_No passing_173.png
51,52,6,6,46,47,4,/content/generated_inputs_trafficsigns_blackout1/blackout_Road work_Speed limit_70 km-h_Slippery road_175.png
50,50,6,6,45,45,5,/content/generated_inputs_trafficsigns_blackout1/blackout_Keep left_Speed limit_120 km-h_Speed limit_50 km-h_177.png
50,50,6,6,45,45,5,/content/generated_inputs_trafficsigns_blackout0/blackout_Traffic signals_Speed limit_80 km-h_Yield_346.png
115,119,10,10,105,109,39,/content/generated_inputs_trafficsigns_blackout1/blackout_Keep left_No entry_Yield_178.png
57,58,5,6,52,53,9,/content/generated_inputs_trafficsigns_blackout1/blackout_Speed limit_120 km-h_No passing_No passing_179.png
57,58,5,6,52,53,9,/content/generated_inputs_trafficsigns_blackout0/blackout_No passing_Speed limit_120 km-h_No passing for vehicles over 3.5 metric tons_200.png
77,81,7,8,71,74,1,/content/generated_inputs_trafficsigns_blackout1/blackout_No entry_Yield_Yield_181.png
32,32,6,6,27,27,35,/content/generated_inputs_trafficsigns_blackout1/blackout_Speed limit_70 km-h_Keep left_Speed limit_100 km-h_183.png
32,32,6,6,27,27,35,/content/generated_inputs_trafficsigns_blackout0/blackout_Yield_Priority road_No vehicles_204.png
37,42,5,5,31,37,33,/content/generated_inputs_trafficsigns_blackout1/blackout_Turn right ahead_Slippery road_Go straight or left_184.png
47,49,5,6,42,44,3,/content/generated_inputs_trafficsigns_blackout1/blackout_Beware of ice-snow_Dangerous curve to the right_Children crossing_185.png
140,133,12,11,127,121,12,/content/generated_inputs_trafficsigns_blackout1/blackout_No passing for vehicles over 3.5 metric tons_General caution_Priority road_186.png
47,42,6,5,42,37,12,/content/generated_inputs_trafficsigns_blackout1/blackout_General caution_Slippery road_Slippery road_187.png
36,36,5,6,31,31,1,/content/generated_inputs_trafficsigns_blackout1/blackout_Speed limit_120 km-h_End of speed limit_80 km-h_Speed limit_120 km-h_188.png
57,54,6,5,52,49,40,/content/generated_inputs_trafficsigns_blackout1/blackout_Keep left_Speed limit_120 km-h_Speed limit_50 km-h_189.png
40,40,5,5,35,35,13,/content/generated_inputs_trafficsigns_blackout1/blackout_Yield_Yield_Road work_196.png
35,35,5,6,29,30,32,/content/generated_inputs_trafficsigns_blackout1/blackout_Stop_Ahead only_Stop_198.png
31,30,6,5,26,25,6,/content/generated_inputs_trafficsigns_blackout1/blackout_No passing for vehicles over 3.5 metric tons_Speed limit_70 km-h_Dangerous curve to the right_199.png
39,39,6,5,34,34,7,/content/generated_inputs_trafficsigns_blackout1/blackout_No vehicles_Right-of-way at the next intersection_Double curve_200.png
40,43,5,6,35,37,12,/content/generated_inputs_trafficsigns_blackout1/blackout_Yield_No vehicles_Yield_202.png
40,38,6,6,35,33,31,/content/generated_inputs_trafficsigns_blackout1/blackout_General caution_Slippery road_Slippery road_204.png
40,42,6,6,34,36,16,/content/generated_inputs_trafficsigns_blackout1/blackout_No passing_Speed limit_60 km-h_No passing_205.png
73,71,6,6,67,65,4,/content/generated_inputs_trafficsigns_blackout1/blackout_Speed limit_100 km-h_Speed limit_70 km-h_Speed limit_30 km-h_207.png
28,28,5,6,22,23,18,/content/generated_inputs_trafficsigns_blackout1/blackout_No entry_Bumpy road_Yield_208.png
70,64,6,5,63,59,13,/content/generated_inputs_trafficsigns_blackout1/blackout_Priority road_Dangerous curve to the left_Double curve_209.png
45,46,6,5,40,41,9,/content/generated_inputs_trafficsigns_blackout1/blackout_Yield_No passing_Yield_210.png
33,36,6,6,28,31,17,/content/generated_inputs_trafficsigns_blackout1/blackout_No entry_End of speed limit_80 km-h_No entry_211.png
62,62,5,5,57,57,6,/content/generated_inputs_trafficsigns_blackout1/blackout_Turn right ahead_General caution_Go straight or right_212.png
30,36,5,6,24,31,33,/content/generated_inputs_trafficsigns_blackout1/blackout_Speed limit_120 km-h_Traffic signals_Beware of ice-snow_213.png
44,43,6,5,39,38,34,/content/generated_inputs_trafficsigns_blackout1/blackout_Speed limit_70 km-h_General caution_General caution_214.png
38,39,5,6,33,34,38,/content/generated_inputs_trafficsigns_blackout1/blackout_Dangerous curve to the right_Bicycles crossing_No vehicles_215.png
63,62,6,5,58,57,12,/content/generated_inputs_trafficsigns_blackout1/blackout_No passing for vehicles over 3.5 metric tons_General caution_Priority road_217.png
30,29,6,5,25,24,18,/content/generated_inputs_trafficsigns_blackout1/blackout_Yield_Yield_Speed limit_50 km-h_218.png
84,83,8,7,77,76,10,/content/generated_inputs_trafficsigns_blackout1/blackout_No vehicles_Right-of-way at the next intersection_Speed limit_120 km-h_219.png
85,87,7,8,78,80,16,/content/generated_inputs_trafficsigns_blackout1/blackout_Vehicles over 3.5 metric tons prohibited_Vehicles over 3.5 metric tons prohibited_Speed limit_100 km-h_220.png
165,144,14,13,151,132,11,/content/generated_inputs_trafficsigns_blackout1/blackout_No passing for vehicles over 3.5 metric tons_Slippery road_No passing for vehicles over 3.5 metric tons_221.png
165,144,14,13,151,132,11,/content/generated_inputs_trafficsigns_blackout0/blackout_Beware of ice-snow_Wild animals crossing_Beware of ice-snow_244.png
69,73,6,7,62,66,1,/content/generated_inputs_trafficsigns_blackout1/blackout_Speed limit_120 km-h_Yield_Speed limit_70 km-h_223.png
34,33,5,6,29,28,31,/content/generated_inputs_trafficsigns_blackout1/blackout_Dangerous curve to the left_Dangerous curve to the left_Double curve_224.png
31,31,5,5,26,26,3,/content/generated_inputs_trafficsigns_blackout1/blackout_Stop_General caution_Priority road_225.png
40,41,5,6,35,36,8,/content/generated_inputs_trafficsigns_blackout1/blackout_Yield_Speed limit_120 km-h_Speed limit_50 km-h_227.png
45,46,5,6,40,41,8,/content/generated_inputs_trafficsigns_blackout1/blackout_Yield_Speed limit_120 km-h_Speed limit_70 km-h_228.png
116,121,10,10,106,111,36,/content/generated_inputs_trafficsigns_blackout1/blackout_Roundabout mandatory_Yield_Go straight or right_231.png
55,53,6,5,50,48,2,/content/generated_inputs_trafficsigns_blackout1/blackout_No vehicles_Roundabout mandatory_Speed limit_80 km-h_232.png
37,37,5,5,32,32,1,/content/generated_inputs_trafficsigns_blackout1/blackout_No vehicles_Priority road_Speed limit_80 km-h_233.png
32,33,5,5,27,28,8,/content/generated_inputs_trafficsigns_blackout1/blackout_Stop_Traffic signals_Stop_236.png
29,30,6,5,24,25,1,/content/generated_inputs_trafficsigns_blackout1/blackout_Speed limit_50 km-h_Speed limit_100 km-h_Speed limit_50 km-h_237.png
33,33,6,5,28,28,31,/content/generated_inputs_trafficsigns_blackout1/blackout_Keep left_Yield_Turn right ahead_239.png
45,45,5,5,40,40,18,/content/generated_inputs_trafficsigns_blackout1/blackout_Beware of ice-snow_Speed limit_100 km-h_Beware of ice-snow_240.png
45,45,5,5,40,40,18,/content/generated_inputs_trafficsigns_blackout0/blackout_Beware of ice-snow_Speed limit_100 km-h_Beware of ice-snow_257.png
38,40,6,6,33,35,8,/content/generated_inputs_trafficsigns_blackout1/blackout_Roundabout mandatory_Yield_Speed limit_70 km-h_241.png
38,40,6,6,33,35,8,/content/generated_inputs_trafficsigns_blackout0/blackout_Speed limit_100 km-h_Go straight or right_Children crossing_122.png
32,34,5,6,27,29,7,/content/generated_inputs_trafficsigns_blackout1/blackout_Priority road_End of speed limit_80 km-h_Vehicles over 3.5 metric tons prohibited_243.png
31,29,6,5,26,24,15,/content/generated_inputs_trafficsigns_blackout1/blackout_Stop_General caution_Stop_244.png
40,40,5,5,35,35,2,/content/generated_inputs_trafficsigns_blackout1/blackout_Speed limit_80 km-h_Speed limit_50 km-h_Yield_245.png
40,40,5,5,35,35,2,/content/generated_inputs_trafficsigns_blackout0/blackout_No vehicles_Stop_Speed limit_30 km-h_261.png
49,46,5,6,44,41,25,/content/generated_inputs_trafficsigns_blackout1/blackout_Road work_Slippery road_General caution_246.png
49,46,5,6,44,41,25,/content/generated_inputs_trafficsigns_blackout0/blackout_Bicycles crossing_Road narrows on the right_No passing_310.png
65,59,6,5,59,53,23,/content/generated_inputs_trafficsigns_blackout1/blackout_Bicycles crossing_General caution_Bicycles crossing_247.png
38,40,5,6,33,34,1,/content/generated_inputs_trafficsigns_blackout1/blackout_Speed limit_80 km-h_End of all speed and passing limits_Speed limit_80 km-h_250.png
38,40,5,6,33,34,1,/content/generated_inputs_trafficsigns_blackout0/blackout_Dangerous curve to the left_Turn right ahead_Yield_268.png
44,41,5,5,39,36,13,/content/generated_inputs_trafficsigns_blackout1/blackout_Keep left_Go straight or right_Speed limit_50 km-h_253.png
53,49,5,5,47,43,13,/content/generated_inputs_trafficsigns_blackout1/blackout_Priority road_Dangerous curve to the left_Yield_255.png
56,54,6,5,51,49,31,/content/generated_inputs_trafficsigns_blackout1/blackout_Speed limit_100 km-h_Ahead only_Bumpy road_257.png
38,39,5,6,33,34,4,/content/generated_inputs_trafficsigns_blackout1/blackout_Speed limit_70 km-h_Speed limit_100 km-h_Bicycles crossing_262.png
34,33,5,5,29,28,13,/content/generated_inputs_trafficsigns_blackout1/blackout_No passing for vehicles over 3.5 metric tons_General caution_General caution_263.png
61,52,6,6,55,46,10,/content/generated_inputs_trafficsigns_blackout1/blackout_No passing for vehicles over 3.5 metric tons_Speed limit_60 km-h_No passing for vehicles over 3.5 metric tons_265.png
51,48,6,5,46,43,29,/content/generated_inputs_trafficsigns_blackout1/blackout_Stop_General caution_Right-of-way at the next intersection_266.png
36,36,6,6,31,31,9,/content/generated_inputs_trafficsigns_blackout1/blackout_Slippery road_Speed limit_70 km-h_General caution_267.png
36,36,6,6,31,31,9,/content/generated_inputs_trafficsigns_blackout0/blackout_Slippery road_Speed limit_70 km-h_General caution_282.png
61,67,6,6,55,61,3,/content/generated_inputs_trafficsigns_blackout1/blackout_Yield_No vehicles_Speed limit_50 km-h_268.png
61,67,6,6,55,61,3,/content/generated_inputs_trafficsigns_blackout0/blackout_Priority road_Right-of-way at the next intersection_Priority road_283.png
29,32,5,6,24,27,12,/content/generated_inputs_trafficsigns_blackout1/blackout_Right-of-way at the next intersection_Priority road_No passing for vehicles over 3.5 metric tons_269.png
40,39,5,6,35,34,4,/content/generated_inputs_trafficsigns_blackout1/blackout_Yield_Yield_Speed limit_50 km-h_270.png
52,48,6,6,47,43,13,/content/generated_inputs_trafficsigns_blackout1/blackout_No vehicles_Yield_Yield_271.png
45,41,6,5,40,36,8,/content/generated_inputs_trafficsigns_blackout1/blackout_General caution_Slippery road_General caution_278.png
45,41,6,5,40,36,8,/content/generated_inputs_trafficsigns_blackout0/blackout_General caution_Speed limit_70 km-h_General caution_297.png
42,42,6,6,37,37,3,/content/generated_inputs_trafficsigns_blackout1/blackout_Ahead only_Speed limit_120 km-h_Speed limit_50 km-h_280.png
90,83,8,7,82,76,25,/content/generated_inputs_trafficsigns_blackout1/blackout_Road work_Bicycles crossing_Speed limit_80 km-h_282.png
45,42,6,6,40,37,8,/content/generated_inputs_trafficsigns_blackout1/blackout_Speed limit_70 km-h_Yield_Speed limit_50 km-h_283.png
33,33,6,6,28,28,35,/content/generated_inputs_trafficsigns_blackout1/blackout_Keep left_No vehicles_Yield_285.png
35,35,6,6,30,30,15,/content/generated_inputs_trafficsigns_blackout1/blackout_Speed limit_70 km-h_Speed limit_30 km-h_Speed limit_70 km-h_286.png
32,33,5,6,27,28,32,/content/generated_inputs_trafficsigns_blackout1/blackout_End of speed limit_80 km-h_End of all speed and passing limits_End of all speed and passing limits_288.png
28,27,5,6,22,22,38,/content/generated_inputs_trafficsigns_blackout1/blackout_Keep right_End of all speed and passing limits_Keep right_289.png
72,67,7,6,66,61,1,/content/generated_inputs_trafficsigns_blackout1/blackout_Keep left_Speed limit_30 km-h_Speed limit_30 km-h_291.png
56,56,5,6,50,51,1,/content/generated_inputs_trafficsigns_blackout1/blackout_Speed limit_70 km-h_General caution_General caution_292.png
56,56,5,6,50,51,1,/content/generated_inputs_trafficsigns_blackout0/blackout_Speed limit_70 km-h_General caution_General caution_307.png
59,60,5,6,54,55,4,/content/generated_inputs_trafficsigns_blackout1/blackout_Speed limit_120 km-h_Speed limit_30 km-h_Speed limit_70 km-h_293.png
59,60,5,6,54,55,4,/content/generated_inputs_trafficsigns_blackout0/blackout_Speed limit_70 km-h_Slippery road_Speed limit_70 km-h_308.png
34,35,5,5,29,30,3,/content/generated_inputs_trafficsigns_blackout1/blackout_No passing_Roundabout mandatory_Yield_294.png
43,42,5,5,38,37,4,/content/generated_inputs_trafficsigns_blackout1/blackout_Pedestrians_Road narrows on the right_No vehicles_295.png
31,33,5,6,26,27,1,/content/generated_inputs_trafficsigns_blackout1/blackout_Speed limit_50 km-h_Speed limit_70 km-h_Speed limit_70 km-h_298.png
28,29,5,6,23,24,7,/content/generated_inputs_trafficsigns_blackout1/blackout_No vehicles_No vehicles_Speed limit_30 km-h_299.png
28,29,5,6,23,24,7,/content/generated_inputs_trafficsigns_blackout0/blackout_No vehicles_No vehicles_Speed limit_30 km-h_312.png
41,42,5,6,36,37,2,/content/generated_inputs_trafficsigns_blackout1/blackout_Priority road_Dangerous curve to the left_Yield_301.png
39,39,6,5,34,34,38,/content/generated_inputs_trafficsigns_blackout1/blackout_Keep right_Slippery road_General caution_302.png
47,50,5,6,42,45,38,/content/generated_inputs_trafficsigns_blackout1/blackout_Speed limit_20 km-h_Speed limit_70 km-h_Speed limit_20 km-h_303.png
28,28,6,6,23,23,2,/content/generated_inputs_trafficsigns_blackout1/blackout_Beware of ice-snow_Keep left_Beware of ice-snow_306.png
38,37,5,5,33,32,20,/content/generated_inputs_trafficsigns_blackout1/blackout_Speed limit_70 km-h_Wild animals crossing_Speed limit_30 km-h_309.png
61,64,5,5,55,58,1,/content/generated_inputs_trafficsigns_blackout1/blackout_Wild animals crossing_Speed limit_80 km-h_Speed limit_20 km-h_310.png
31,32,5,6,26,27,32,/content/generated_inputs_trafficsigns_blackout1/blackout_No passing_No vehicles_Yield_311.png
57,59,5,5,52,54,40,/content/generated_inputs_trafficsigns_blackout1/blackout_Yield_Roundabout mandatory_Yield_312.png
38,40,5,6,33,35,38,/content/generated_inputs_trafficsigns_blackout1/blackout_Bicycles crossing_End of speed limit_80 km-h_Speed limit_80 km-h_313.png
53,57,6,5,48,52,25,/content/generated_inputs_trafficsigns_blackout1/blackout_Speed limit_60 km-h_Ahead only_Dangerous curve to the right_315.png
53,57,6,5,48,52,25,/content/generated_inputs_trafficsigns_blackout0/blackout_Speed limit_60 km-h_Ahead only_Dangerous curve to the right_332.png
123,117,11,11,113,107,11,/content/generated_inputs_trafficsigns_blackout1/blackout_Right-of-way at the next intersection_Right-of-way at the next intersection_Speed limit_50 km-h_316.png
123,117,11,11,113,107,11,/content/generated_inputs_trafficsigns_blackout0/blackout_Beware of ice-snow_Priority road_Bicycles crossing_333.png
33,33,5,5,28,28,38,/content/generated_inputs_trafficsigns_blackout1/blackout_Road work_General caution_Bicycles crossing_317.png
44,43,6,5,38,37,35,/content/generated_inputs_trafficsigns_blackout1/blackout_Yield_Road narrows on the right_No passing for vehicles over 3.5 metric tons_318.png
60,62,6,5,55,57,0,/content/generated_inputs_trafficsigns_blackout1/blackout_Speed limit_50 km-h_Speed limit_100 km-h_Speed limit_70 km-h_319.png
37,37,5,6,32,32,14,/content/generated_inputs_trafficsigns_blackout1/blackout_Priority road_Right-of-way at the next intersection_Right-of-way at the next intersection_320.png
31,31,6,5,26,26,16,/content/generated_inputs_trafficsigns_blackout1/blackout_End of no passing_Dangerous curve to the right_Priority road_321.png
31,29,6,6,25,24,25,/content/generated_inputs_trafficsigns_blackout1/blackout_Beware of ice-snow_Wild animals crossing_Road work_322.png
31,29,6,6,25,24,25,/content/generated_inputs_trafficsigns_blackout0/blackout_No passing for vehicles over 3.5 metric tons_Speed limit_60 km-h_No passing for vehicles over 3.5 metric tons_155.png
31,32,5,6,26,27,1,/content/generated_inputs_trafficsigns_blackout1/blackout_Bicycles crossing_End of speed limit_80 km-h_Speed limit_80 km-h_323.png
38,37,5,6,32,32,5,/content/generated_inputs_trafficsigns_blackout1/blackout_No passing_Speed limit_30 km-h_Speed limit_80 km-h_324.png
50,51,6,6,45,46,8,/content/generated_inputs_trafficsigns_blackout1/blackout_Speed limit_120 km-h_Traffic signals_Speed limit_120 km-h_325.png
123,117,10,11,113,106,25,/content/generated_inputs_trafficsigns_blackout1/blackout_Traffic signals_Road narrows on the right_Yield_327.png
43,42,6,5,38,37,38,/content/generated_inputs_trafficsigns_blackout1/blackout_Turn right ahead_Slippery road_Ahead only_328.png
43,42,6,5,38,37,38,/content/generated_inputs_trafficsigns_blackout0/blackout_No passing for vehicles over 3.5 metric tons_Speed limit_60 km-h_No passing for vehicles over 3.5 metric tons_347.png
69,64,7,6,63,59,18,/content/generated_inputs_trafficsigns_blackout1/blackout_General caution_Keep left_General caution_329.png
69,64,7,6,63,59,18,/content/generated_inputs_trafficsigns_blackout0/blackout_General caution_Keep left_General caution_349.png
40,39,5,5,34,34,35,/content/generated_inputs_trafficsigns_blackout1/blackout_Traffic signals_Turn left ahead_Yield_330.png
40,39,5,5,34,34,35,/content/generated_inputs_trafficsigns_blackout0/blackout_Bicycles crossing_Turn left ahead_Speed limit_80 km-h_350.png
43,42,6,6,38,37,5,/content/generated_inputs_trafficsigns_blackout1/blackout_Wild animals crossing_No passing_No passing for vehicles over 3.5 metric tons_331.png
28,29,5,5,22,23,10,/content/generated_inputs_trafficsigns_blackout1/blackout_Speed limit_120 km-h_Priority road_Children crossing_332.png
51,49,6,5,45,43,15,/content/generated_inputs_trafficsigns_blackout1/blackout_Speed limit_80 km-h_Yield_No vehicles_333.png
44,43,6,5,39,38,4,/content/generated_inputs_trafficsigns_blackout1/blackout_Ahead only_Speed limit_70 km-h_Speed limit_70 km-h_334.png
44,43,6,5,39,38,4,/content/generated_inputs_trafficsigns_blackout0/blackout_No vehicles_Speed limit_30 km-h_No passing_355.png
33,33,6,6,28,28,8,/content/generated_inputs_trafficsigns_blackout1/blackout_No entry_Yield_Yield_335.png
37,38,5,6,32,33,1,/content/generated_inputs_trafficsigns_blackout1/blackout_No vehicles_Speed limit_70 km-h_Speed limit_30 km-h_336.png
39,37,6,6,34,32,33,/content/generated_inputs_trafficsigns_blackout1/blackout_Turn right ahead_Road work_Turn right ahead_339.png
42,41,5,5,37,36,31,/content/generated_inputs_trafficsigns_blackout1/blackout_Speed limit_70 km-h_Yield_Speed limit_50 km-h_340.png
46,46,6,6,40,40,40,/content/generated_inputs_trafficsigns_blackout1/blackout_No passing for vehicles over 3.5 metric tons_No passing for vehicles over 3.5 metric tons_General caution_341.png
51,51,5,5,45,46,14,/content/generated_inputs_trafficsigns_blackout1/blackout_No entry_Bicycles crossing_Stop_342.png
51,51,5,5,45,46,14,/content/generated_inputs_trafficsigns_blackout0/blackout_Slippery road_Speed limit_70 km-h_General caution_284.png
71,77,7,7,65,71,38,/content/generated_inputs_trafficsigns_blackout1/blackout_Speed limit_120 km-h_Traffic signals_Speed limit_50 km-h_343.png
95,96,8,9,87,88,4,/content/generated_inputs_trafficsigns_blackout1/blackout_Stop_Traffic signals_Stop_344.png
95,96,8,9,87,88,4,/content/generated_inputs_trafficsigns_blackout0/blackout_Stop_Traffic signals_Stop_364.png
36,43,5,5,31,38,13,/content/generated_inputs_trafficsigns_blackout1/blackout_Priority road_Dangerous curve to the left_Yield_345.png
36,43,5,5,31,38,13,/content/generated_inputs_trafficsigns_blackout0/blackout_Speed limit_70 km-h_General caution_Speed limit_70 km-h_365.png
26,28,5,5,21,23,7,/content/generated_inputs_trafficsigns_blackout1/blackout_Stop_Pedestrians_Bicycles crossing_351.png
39,37,6,5,34,32,13,/content/generated_inputs_trafficsigns_blackout1/blackout_Yield_Priority road_Speed limit_50 km-h_352.png
39,37,6,5,34,32,13,/content/generated_inputs_trafficsigns_blackout0/blackout_No passing for vehicles over 3.5 metric tons_Children crossing_Yield_374.png
45,45,6,6,40,40,4,/content/generated_inputs_trafficsigns_blackout1/blackout_No vehicles_Stop_Speed limit_30 km-h_353.png
30,32,5,5,25,27,33,/content/generated_inputs_trafficsigns_blackout1/blackout_No passing for vehicles over 3.5 metric tons_No passing for vehicles over 3.5 metric tons_General caution_354.png
30,32,5,6,25,26,38,/content/generated_inputs_trafficsigns_blackout1/blackout_Speed limit_120 km-h_Priority road_Speed limit_70 km-h_356.png
57,57,6,6,52,52,2,/content/generated_inputs_trafficsigns_blackout1/blackout_No entry_Yield_Yield_357.png
28,29,6,6,22,23,5,/content/generated_inputs_trafficsigns_blackout1/blackout_No vehicles_Roundabout mandatory_Yield_358.png
28,29,6,6,22,23,5,/content/generated_inputs_trafficsigns_blackout0/blackout_Keep left_No vehicles_Wild animals crossing_381.png
83,69,7,6,76,63,13,/content/generated_inputs_trafficsigns_blackout1/blackout_Yield_Go straight or right_Speed limit_50 km-h_359.png
83,69,7,6,76,63,13,/content/generated_inputs_trafficsigns_light1/light_Dangerous curve to the left_Wild animals crossing_Turn right ahead_156.png
83,69,7,6,76,63,13,/content/generated_inputs_trafficsigns_light2/light_Yield_Yield_Speed limit_50 km-h_156.png
83,69,7,6,76,63,13,/content/generated_inputs_trafficsigns_occl2/occl_Stop_Keep right_Speed limit_60 km-h_156.png
83,69,7,6,76,63,13,/content/generated_inputs_trafficsigns_occl1/occl_No passing for vehicles over 3.5 metric tons_Speed limit_100 km-h_No passing for vehicles over 3.5 metric tons_156.png
83,69,7,6,76,63,13,/content/generated_inputs_trafficsigns_occl0/occl_Ahead only_Yield_Yield_156.png
83,69,7,6,76,63,13,/content/generated_inputs_trafficsigns_light0/light_Dangerous curve to the left_Wild animals crossing_Turn right ahead_156.png
42,39,6,5,37,34,11,/content/generated_inputs_trafficsigns_blackout1/blackout_General caution_Slippery road_Slippery road_360.png
31,48,6,6,25,43,15,/content/generated_inputs_trafficsigns_blackout1/blackout_Speed limit_70 km-h_Slippery road_Slippery road_361.png
31,33,5,6,26,28,35,/content/generated_inputs_trafficsigns_blackout1/blackout_No passing_Keep left_Dangerous curve to the left_362.png
32,33,5,6,27,28,4,/content/generated_inputs_trafficsigns_blackout1/blackout_Yield_Yield_Speed limit_50 km-h_363.png
58,57,6,5,52,51,2,/content/generated_inputs_trafficsigns_blackout1/blackout_No passing for vehicles over 3.5 metric tons_Speed limit_60 km-h_No passing for vehicles over 3.5 metric tons_365.png
50,53,5,5,45,47,12,/content/generated_inputs_trafficsigns_blackout1/blackout_Priority road_Speed limit_100 km-h_Speed limit_100 km-h_366.png
33,30,6,6,27,25,33,/content/generated_inputs_trafficsigns_blackout1/blackout_No vehicles_No passing_Yield_367.png
88,80,7,7,81,73,13,/content/generated_inputs_trafficsigns_blackout1/blackout_No entry_Keep right_Stop_368.png
43,43,5,5,38,38,2,/content/generated_inputs_trafficsigns_blackout1/blackout_No entry_Road work_Yield_369.png
44,45,6,6,39,40,14,/content/generated_inputs_trafficsigns_blackout1/blackout_Children crossing_No entry_Children crossing_370.png
32,52,6,5,27,47,15,/content/generated_inputs_trafficsigns_blackout1/blackout_Speed limit_120 km-h_Traffic signals_Speed limit_50 km-h_371.png
27,27,5,6,22,22,2,/content/generated_inputs_trafficsigns_blackout1/blackout_No passing_Speed limit_100 km-h_No passing_372.png
34,34,6,6,29,29,10,/content/generated_inputs_trafficsigns_blackout1/blackout_Slippery road_No passing for vehicles over 3.5 metric tons_General caution_373.png
71,61,7,6,65,56,13,/content/generated_inputs_trafficsigns_blackout1/blackout_No vehicles_Yield_Yield_374.png
59,60,5,6,53,55,36,/content/generated_inputs_trafficsigns_blackout1/blackout_Speed limit_70 km-h_Go straight or right_Stop_375.png
32,31,5,5,27,26,5,/content/generated_inputs_trafficsigns_blackout1/blackout_Road work_General caution_Bicycles crossing_378.png
36,38,6,6,31,33,3,/content/generated_inputs_trafficsigns_blackout1/blackout_Children crossing_Slippery road_Children crossing_380.png
63,67,6,6,58,61,10,/content/generated_inputs_trafficsigns_blackout1/blackout_No passing for vehicles over 3.5 metric tons_General caution_Priority road_381.png
31,32,6,5,26,27,5,/content/generated_inputs_trafficsigns_blackout1/blackout_No vehicles_End of all speed and passing limits_Speed limit_80 km-h_382.png
92,92,8,8,83,83,1,/content/generated_inputs_trafficsigns_blackout1/blackout_Stop_Keep right_Speed limit_20 km-h_383.png
76,72,7,6,70,65,36,/content/generated_inputs_trafficsigns_blackout1/blackout_Bicycles crossing_End of speed limit_80 km-h_Vehicles over 3.5 metric tons prohibited_385.png
32,32,6,6,27,27,10,/content/generated_inputs_trafficsigns_blackout1/blackout_Bicycles crossing_Slippery road_General caution_386.png
100,105,9,10,92,96,4,/content/generated_inputs_trafficsigns_blackout1/blackout_Stop_Traffic signals_Stop_387.png
38,39,5,5,33,34,3,/content/generated_inputs_trafficsigns_blackout1/blackout_No entry_Road work_Yield_388.png
33,31,6,6,28,26,30,/content/generated_inputs_trafficsigns_blackout1/blackout_Bicycles crossing_End of speed limit_80 km-h_Speed limit_80 km-h_390.png
74,75,6,6,68,69,39,/content/generated_inputs_trafficsigns_blackout1/blackout_No vehicles_Roundabout mandatory_Yield_391.png
29,29,6,5,24,24,6,/content/generated_inputs_trafficsigns_blackout1/blackout_Slippery road_Speed limit_70 km-h_General caution_392.png
34,37,6,5,29,32,13,/content/generated_inputs_trafficsigns_blackout1/blackout_Speed limit_60 km-h_Priority road_Children crossing_393.png
33,35,6,6,28,30,38,/content/generated_inputs_trafficsigns_blackout1/blackout_Yield_Keep right_Yield_394.png
44,44,6,6,39,39,2,/content/generated_inputs_trafficsigns_blackout1/blackout_End of no passing_Speed limit_50 km-h_Priority road_395.png
50,57,6,6,45,52,1,/content/generated_inputs_trafficsigns_blackout1/blackout_Stop_General caution_Priority road_396.png
47,47,5,6,42,42,38,/content/generated_inputs_trafficsigns_blackout1/blackout_No vehicles_No vehicles_Speed limit_30 km-h_399.png
47,47,5,6,42,42,38,/content/generated_inputs_trafficsigns_blackout0/blackout_Priority road_Right-of-way at the next intersection_End of speed limit_80 km-h_305.png
39,39,5,5,34,34,4,/content/generated_inputs_trafficsigns_light1/light_Dangerous curve to the left_Wild animals crossing_Turn right ahead_1.png
39,39,5,5,34,34,4,/content/generated_inputs_trafficsigns_light2/light_Yield_Yield_Speed limit_50 km-h_1.png
39,39,5,5,34,34,4,/content/generated_inputs_trafficsigns_occl2/occl_No passing for vehicles over 3.5 metric tons_Speed limit_60 km-h_No passing for vehicles over 3.5 metric tons_1.png
39,39,5,5,34,34,4,/content/generated_inputs_trafficsigns_occl1/occl_Speed limit_70 km-h_Speed limit_60 km-h_Speed limit_70 km-h_1.png
39,39,5,5,34,34,4,/content/generated_inputs_trafficsigns_occl0/occl_Speed limit_70 km-h_Speed limit_70 km-h_Speed limit_30 km-h_1.png
39,39,5,5,34,34,4,/content/generated_inputs_trafficsigns_light0/light_Dangerous curve to the left_Wild animals crossing_Turn right ahead_1.png
83,75,7,6,76,69,13,/content/generated_inputs_trafficsigns_light1/light_Dangerous curve to the left_Wild animals crossing_Turn right ahead_3.png
83,75,7,6,76,69,13,/content/generated_inputs_trafficsigns_light2/light_Yield_Yield_Speed limit_50 km-h_3.png
83,75,7,6,76,69,13,/content/generated_inputs_trafficsigns_occl2/occl_No passing for vehicles over 3.5 metric tons_Keep right_Speed limit_60 km-h_3.png
83,75,7,6,76,69,13,/content/generated_inputs_trafficsigns_occl1/occl_No passing for vehicles over 3.5 metric tons_Go straight or right_Speed limit_60 km-h_3.png
83,75,7,6,76,69,13,/content/generated_inputs_trafficsigns_occl0/occl_End of no passing_Yield_Yield_3.png
83,75,7,6,76,69,13,/content/generated_inputs_trafficsigns_light0/light_Dangerous curve to the left_Wild animals crossing_Turn right ahead_3.png
51,53,5,5,46,48,9,/content/generated_inputs_trafficsigns_light1/light_Dangerous curve to the left_Wild animals crossing_Turn right ahead_4.png
51,53,5,5,46,48,9,/content/generated_inputs_trafficsigns_light2/light_Yield_Yield_Speed limit_50 km-h_4.png
51,53,5,5,46,48,9,/content/generated_inputs_trafficsigns_occl2/occl_Speed limit_60 km-h_Keep right_Dangerous curve to the right_4.png
51,53,5,5,46,48,9,/content/generated_inputs_trafficsigns_occl1/occl_No passing for vehicles over 3.5 metric tons_Speed limit_60 km-h_Speed limit_60 km-h_4.png
51,53,5,5,46,48,9,/content/generated_inputs_trafficsigns_occl0/occl_End of no passing_Speed limit_120 km-h_Yield_4.png
51,53,5,5,46,48,9,/content/generated_inputs_trafficsigns_light0/light_Dangerous curve to the left_Wild animals crossing_Turn right ahead_4.png
92,92,8,8,84,84,41,/content/generated_inputs_trafficsigns_light1/light_Dangerous curve to the left_Wild animals crossing_Turn right ahead_5.png
92,92,8,8,84,84,41,/content/generated_inputs_trafficsigns_light2/light_Yield_Yield_Speed limit_50 km-h_5.png
92,92,8,8,84,84,41,/content/generated_inputs_trafficsigns_occl2/occl_No passing for vehicles over 3.5 metric tons_Speed limit_100 km-h_No passing for vehicles over 3.5 metric tons_5.png
92,92,8,8,84,84,41,/content/generated_inputs_trafficsigns_occl1/occl_Speed limit_60 km-h_Turn left ahead_Speed limit_60 km-h_5.png
92,92,8,8,84,84,41,/content/generated_inputs_trafficsigns_occl0/occl_Turn left ahead_End of no passing_End of no passing_5.png
92,92,8,8,84,84,41,/content/generated_inputs_trafficsigns_light0/light_Dangerous curve to the left_Wild animals crossing_Turn right ahead_5.png
120,122,11,10,110,112,12,/content/generated_inputs_trafficsigns_light1/light_Dangerous curve to the left_Wild animals crossing_Turn right ahead_6.png
120,122,11,10,110,112,12,/content/generated_inputs_trafficsigns_light2/light_Yield_Yield_Speed limit_50 km-h_6.png
120,122,11,10,110,112,12,/content/generated_inputs_trafficsigns_occl2/occl_No passing for vehicles over 3.5 metric tons_Speed limit_60 km-h_No passing for vehicles over 3.5 metric tons_6.png
120,122,11,10,110,112,12,/content/generated_inputs_trafficsigns_occl1/occl_No passing for vehicles over 3.5 metric tons_Speed limit_60 km-h_No passing for vehicles over 3.5 metric tons_6.png
120,122,11,10,110,112,12,/content/generated_inputs_trafficsigns_occl0/occl_Turn left ahead_Priority road_Wild animals crossing_6.png
120,122,11,10,110,112,12,/content/generated_inputs_trafficsigns_light0/light_Dangerous curve to the left_Wild animals crossing_Turn right ahead_6.png
49,46,5,5,44,40,11,/content/generated_inputs_trafficsigns_light1/light_Dangerous curve to the left_Wild animals crossing_Turn right ahead_7.png
49,46,5,5,44,40,11,/content/generated_inputs_trafficsigns_light2/light_Yield_Yield_Speed limit_50 km-h_7.png
49,46,5,5,44,40,11,/content/generated_inputs_trafficsigns_occl2/occl_No entry_Speed limit_60 km-h_Dangerous curve to the right_7.png
49,46,5,5,44,40,11,/content/generated_inputs_trafficsigns_occl1/occl_No passing for vehicles over 3.5 metric tons_Turn left ahead_No passing for vehicles over 3.5 metric tons_7.png
49,46,5,5,44,40,11,/content/generated_inputs_trafficsigns_occl0/occl_Wild animals crossing_Right-of-way at the next intersection_Wild animals crossing_7.png
49,46,5,5,44,40,11,/content/generated_inputs_trafficsigns_light0/light_Dangerous curve to the left_Wild animals crossing_Turn right ahead_7.png
42,47,6,6,37,42,38,/content/generated_inputs_trafficsigns_light1/light_Yield_Yield_Speed limit_50 km-h_11.png
42,47,6,6,37,42,38,/content/generated_inputs_trafficsigns_light2/light_Dangerous curve to the left_Wild animals crossing_Turn right ahead_11.png
42,47,6,6,37,42,38,/content/generated_inputs_trafficsigns_occl2/occl_No passing for vehicles over 3.5 metric tons_Keep right_Dangerous curve to the right_11.png
42,47,6,6,37,42,38,/content/generated_inputs_trafficsigns_occl1/occl_No passing for vehicles over 3.5 metric tons_Speed limit_60 km-h_Speed limit_60 km-h_11.png
42,47,6,6,37,42,38,/content/generated_inputs_trafficsigns_occl0/occl_Turn left ahead_Keep right_Turn left ahead_11.png
42,47,6,6,37,42,38,/content/generated_inputs_trafficsigns_light0/light_Dangerous curve to the left_Wild animals crossing_Turn right ahead_11.png
59,56,6,6,54,51,25,/content/generated_inputs_trafficsigns_light1/light_Dangerous curve to the left_Wild animals crossing_Turn right ahead_13.png
59,56,6,6,54,51,25,/content/generated_inputs_trafficsigns_light2/light_Yield_Yield_Speed limit_50 km-h_13.png
59,56,6,6,54,51,25,/content/generated_inputs_trafficsigns_occl2/occl_No passing for vehicles over 3.5 metric tons_Speed limit_60 km-h_Speed limit_60 km-h_13.png
59,56,6,6,54,51,25,/content/generated_inputs_trafficsigns_occl1/occl_No passing for vehicles over 3.5 metric tons_General caution_No passing for vehicles over 3.5 metric tons_13.png
59,56,6,6,54,51,25,/content/generated_inputs_trafficsigns_occl0/occl_Wild animals crossing_Road work_Road work_13.png
59,56,6,6,54,51,25,/content/generated_inputs_trafficsigns_light0/light_Dangerous curve to the left_Wild animals crossing_Turn right ahead_13.png
38,39,6,6,33,34,12,/content/generated_inputs_trafficsigns_light1/light_Yield_Yield_Speed limit_50 km-h_14.png
38,39,6,6,33,34,12,/content/generated_inputs_trafficsigns_light2/light_Yield_Yield_Speed limit_50 km-h_14.png
38,39,6,6,33,34,12,/content/generated_inputs_trafficsigns_occl2/occl_No passing for vehicles over 3.5 metric tons_Speed limit_60 km-h_No passing for vehicles over 3.5 metric tons_14.png
38,39,6,6,33,34,12,/content/generated_inputs_trafficsigns_occl1/occl_Priority road_Turn left ahead_Dangerous curve to the right_14.png
38,39,6,6,33,34,12,/content/generated_inputs_trafficsigns_occl0/occl_Turn left ahead_Priority road_Wild animals crossing_14.png
38,39,6,6,33,34,12,/content/generated_inputs_trafficsigns_light0/light_Dangerous curve to the left_Wild animals crossing_Turn right ahead_14.png
36,37,5,6,31,32,35,/content/generated_inputs_trafficsigns_light1/light_Dangerous curve to the left_Wild animals crossing_Turn right ahead_15.png
36,37,5,6,31,32,35,/content/generated_inputs_trafficsigns_light2/light_Yield_Yield_Speed limit_50 km-h_15.png
36,37,5,6,31,32,35,/content/generated_inputs_trafficsigns_occl2/occl_No passing for vehicles over 3.5 metric tons_Go straight or right_Dangerous curve to the right_15.png
36,37,5,6,31,32,35,/content/generated_inputs_trafficsigns_occl1/occl_No passing for vehicles over 3.5 metric tons_Keep right_General caution_15.png
36,37,5,6,31,32,35,/content/generated_inputs_trafficsigns_occl0/occl_Ahead only_Speed limit_120 km-h_Yield_15.png
36,37,5,6,31,32,35,/content/generated_inputs_trafficsigns_light0/light_Dangerous curve to the left_Wild animals crossing_Turn right ahead_15.png
58,59,6,6,53,54,35,/content/generated_inputs_trafficsigns_light1/light_Yield_Yield_Speed limit_50 km-h_16.png
58,59,6,6,53,54,35,/content/generated_inputs_trafficsigns_light2/light_Dangerous curve to the left_Wild animals crossing_Turn right ahead_16.png
58,59,6,6,53,54,35,/content/generated_inputs_trafficsigns_occl2/occl_No passing for vehicles over 3.5 metric tons_Go straight or right_Dangerous curve to the right_16.png
58,59,6,6,53,54,35,/content/generated_inputs_trafficsigns_occl1/occl_No passing for vehicles over 3.5 metric tons_Keep right_No passing for vehicles over 3.5 metric tons_16.png
58,59,6,6,53,54,35,/content/generated_inputs_trafficsigns_occl0/occl_Turn left ahead_Ahead only_Yield_16.png
58,59,6,6,53,54,35,/content/generated_inputs_trafficsigns_light0/light_Yield_Yield_Speed limit_50 km-h_16.png
25,26,5,6,20,21,38,/content/generated_inputs_trafficsigns_light1/light_Dangerous curve to the left_Wild animals crossing_Turn right ahead_17.png
25,26,5,6,20,21,38,/content/generated_inputs_trafficsigns_light2/light_Dangerous curve to the left_Wild animals crossing_Turn right ahead_17.png
25,26,5,6,20,21,38,/content/generated_inputs_trafficsigns_occl2/occl_No passing for vehicles over 3.5 metric tons_General caution_Dangerous curve to the right_17.png
25,26,5,6,20,21,38,/content/generated_inputs_trafficsigns_occl1/occl_Speed limit_70 km-h_Speed limit_60 km-h_Speed limit_70 km-h_17.png
25,26,5,6,20,21,38,/content/generated_inputs_trafficsigns_occl0/occl_Speed limit_120 km-h_Speed limit_120 km-h_Speed limit_70 km-h_17.png
25,26,5,6,20,21,38,/content/generated_inputs_trafficsigns_light0/light_Dangerous curve to the left_Wild animals crossing_Turn right ahead_17.png
38,38,5,5,33,33,41,/content/generated_inputs_trafficsigns_light1/light_Dangerous curve to the left_Wild animals crossing_Turn right ahead_18.png
38,38,5,5,33,33,41,/content/generated_inputs_trafficsigns_light2/light_Dangerous curve to the left_Wild animals crossing_Turn right ahead_18.png
38,38,5,5,33,33,41,/content/generated_inputs_trafficsigns_occl2/occl_No passing for vehicles over 3.5 metric tons_End of no passing for vehicles over 3.5 metric tons_No passing for vehicles over 3.5 metric tons_18.png
38,38,5,5,33,33,41,/content/generated_inputs_trafficsigns_occl1/occl_Speed limit_60 km-h_Turn left ahead_Speed limit_60 km-h_18.png
38,38,5,5,33,33,41,/content/generated_inputs_trafficsigns_occl0/occl_Turn left ahead_End of no passing_End of no passing_18.png
38,38,5,5,33,33,41,/content/generated_inputs_trafficsigns_light0/light_Dangerous curve to the left_Wild animals crossing_Turn right ahead_18.png
60,60,6,5,55,55,14,/content/generated_inputs_trafficsigns_light1/light_Dangerous curve to the left_Wild animals crossing_Turn right ahead_19.png
60,60,6,5,55,55,14,/content/generated_inputs_trafficsigns_light2/light_Yield_Yield_Speed limit_50 km-h_19.png
60,60,6,5,55,55,14,/content/generated_inputs_trafficsigns_occl2/occl_Stop_Turn left ahead_Stop_19.png
60,60,6,5,55,55,14,/content/generated_inputs_trafficsigns_occl1/occl_Stop_Speed limit_60 km-h_Stop_19.png
60,60,6,5,55,55,14,/content/generated_inputs_trafficsigns_occl0/occl_Turn left ahead_Stop_Speed limit_20 km-h_19.png
60,60,6,5,55,55,14,/content/generated_inputs_trafficsigns_light0/light_Dangerous curve to the left_Wild animals crossing_Turn right ahead_19.png
74,75,6,7,68,69,30,/content/generated_inputs_trafficsigns_light1/light_Yield_Yield_Speed limit_50 km-h_20.png
74,75,6,7,68,69,30,/content/generated_inputs_trafficsigns_light2/light_Yield_Yield_Speed limit_50 km-h_20.png
74,75,6,7,68,69,30,/content/generated_inputs_trafficsigns_occl2/occl_No passing for vehicles over 3.5 metric tons_Slippery road_Speed limit_70 km-h_20.png
74,75,6,7,68,69,30,/content/generated_inputs_trafficsigns_occl1/occl_No passing for vehicles over 3.5 metric tons_Turn left ahead_Dangerous curve to the right_20.png
74,75,6,7,68,69,30,/content/generated_inputs_trafficsigns_occl0/occl_Wild animals crossing_Speed limit_120 km-h_Speed limit_120 km-h_20.png
74,75,6,7,68,69,30,/content/generated_inputs_trafficsigns_light0/light_Dangerous curve to the left_Wild animals crossing_Turn right ahead_20.png
64,64,5,5,59,59,1,/content/generated_inputs_trafficsigns_light1/light_Dangerous curve to the left_Wild animals crossing_Turn right ahead_21.png
64,64,5,5,59,59,1,/content/generated_inputs_trafficsigns_light2/light_Yield_Yield_Speed limit_50 km-h_21.png
64,64,5,5,59,59,1,/content/generated_inputs_trafficsigns_occl2/occl_No passing for vehicles over 3.5 metric tons_Speed limit_30 km-h_Traffic signals_21.png
64,64,5,5,59,59,1,/content/generated_inputs_trafficsigns_occl1/occl_No entry_Go straight or right_No entry_21.png
64,64,5,5,59,59,1,/content/generated_inputs_trafficsigns_occl0/occl_Ahead only_Speed limit_30 km-h_Speed limit_30 km-h_21.png
64,64,5,5,59,59,1,/content/generated_inputs_trafficsigns_light0/light_Yield_Yield_Speed limit_50 km-h_21.png
56,52,5,6,51,47,11,/content/generated_inputs_trafficsigns_light1/light_Dangerous curve to the left_Wild animals crossing_Turn right ahead_22.png
56,52,5,6,51,47,11,/content/generated_inputs_trafficsigns_light2/light_Yield_Yield_Speed limit_50 km-h_22.png
56,52,5,6,51,47,11,/content/generated_inputs_trafficsigns_occl2/occl_Stop_Turn left ahead_Dangerous curve to the right_22.png
56,52,5,6,51,47,11,/content/generated_inputs_trafficsigns_occl1/occl_No passing for vehicles over 3.5 metric tons_Beware of ice-snow_No passing for vehicles over 3.5 metric tons_22.png
56,52,5,6,51,47,11,/content/generated_inputs_trafficsigns_occl0/occl_Road work_Right-of-way at the next intersection_Wild animals crossing_22.png
56,52,5,6,51,47,11,/content/generated_inputs_trafficsigns_light0/light_Dangerous curve to the left_Wild animals crossing_Turn right ahead_22.png
40,41,5,5,35,36,14,/content/generated_inputs_trafficsigns_light1/light_Dangerous curve to the left_Wild animals crossing_Turn right ahead_25.png
40,41,5,5,35,36,14,/content/generated_inputs_trafficsigns_light2/light_Dangerous curve to the left_Wild animals crossing_Turn right ahead_25.png
40,41,5,5,35,36,14,/content/generated_inputs_trafficsigns_occl2/occl_No passing for vehicles over 3.5 metric tons_Speed limit_60 km-h_Stop_25.png
40,41,5,5,35,36,14,/content/generated_inputs_trafficsigns_occl1/occl_Stop_Speed limit_120 km-h_Stop_25.png
40,41,5,5,35,36,14,/content/generated_inputs_trafficsigns_occl0/occl_Road work_No vehicles_Yield_25.png
40,41,5,5,35,36,14,/content/generated_inputs_trafficsigns_light0/light_Dangerous curve to the left_Wild animals crossing_Turn right ahead_25.png
40,42,5,6,35,37,3,/content/generated_inputs_trafficsigns_light1/light_Yield_Yield_Speed limit_50 km-h_27.png
40,42,5,6,35,37,3,/content/generated_inputs_trafficsigns_light2/light_Yield_Yield_Speed limit_50 km-h_27.png
40,42,5,6,35,37,3,/content/generated_inputs_trafficsigns_occl2/occl_No passing for vehicles over 3.5 metric tons_Speed limit_60 km-h_Speed limit_60 km-h_27.png
40,42,5,6,35,37,3,/content/generated_inputs_trafficsigns_occl1/occl_Speed limit_60 km-h_Turn left ahead_Speed limit_60 km-h_27.png
40,42,5,6,35,37,3,/content/generated_inputs_trafficsigns_occl0/occl_Keep left_Speed limit_120 km-h_Wild animals crossing_27.png
40,42,5,6,35,37,3,/content/generated_inputs_trafficsigns_light0/light_Dangerous curve to the left_Wild animals crossing_Turn right ahead_27.png
46,47,6,6,41,42,9,/content/generated_inputs_trafficsigns_light1/light_Dangerous curve to the left_Wild animals crossing_Turn right ahead_30.png
46,47,6,6,41,42,9,/content/generated_inputs_trafficsigns_light2/light_Dangerous curve to the left_Wild animals crossing_Turn right ahead_30.png
46,47,6,6,41,42,9,/content/generated_inputs_trafficsigns_occl2/occl_Speed limit_70 km-h_Turn left ahead_Speed limit_60 km-h_30.png
46,47,6,6,41,42,9,/content/generated_inputs_trafficsigns_occl1/occl_Speed limit_60 km-h_Go straight or right_Speed limit_60 km-h_30.png
46,47,6,6,41,42,9,/content/generated_inputs_trafficsigns_occl0/occl_Ahead only_Speed limit_120 km-h_End of no passing_30.png
46,47,6,6,41,42,9,/content/generated_inputs_trafficsigns_light0/light_Dangerous curve to the left_Wild animals crossing_Turn right ahead_30.png
63,54,6,5,58,49,13,/content/generated_inputs_trafficsigns_light1/light_Yield_Yield_Speed limit_50 km-h_32.png
63,54,6,5,58,49,13,/content/generated_inputs_trafficsigns_light2/light_Dangerous curve to the left_Wild animals crossing_Turn right ahead_32.png
63,54,6,5,58,49,13,/content/generated_inputs_trafficsigns_occl2/occl_Speed limit_30 km-h_Keep right_Speed limit_60 km-h_32.png
63,54,6,5,58,49,13,/content/generated_inputs_trafficsigns_occl1/occl_No passing for vehicles over 3.5 metric tons_Speed limit_100 km-h_No passing for vehicles over 3.5 metric tons_32.png
63,54,6,5,58,49,13,/content/generated_inputs_trafficsigns_occl0/occl_Dangerous curve to the right_Yield_Yield_32.png
63,54,6,5,58,49,13,/content/generated_inputs_trafficsigns_light0/light_Dangerous curve to the left_Wild animals crossing_Turn right ahead_32.png
63,54,6,5,58,49,13,/content/generated_inputs_trafficsigns_blackout0/blackout_Road work_Dangerous curve to the right_Speed limit_80 km-h_14.png
64,58,5,5,59,53,28,/content/generated_inputs_trafficsigns_light1/light_Dangerous curve to the left_Wild animals crossing_Turn right ahead_35.png
64,58,5,5,59,53,28,/content/generated_inputs_trafficsigns_light2/light_Yield_Yield_Speed limit_50 km-h_35.png
64,58,5,5,59,53,28,/content/generated_inputs_trafficsigns_occl2/occl_Children crossing_Go straight or right_Speed limit_60 km-h_35.png
64,58,5,5,59,53,28,/content/generated_inputs_trafficsigns_occl1/occl_Vehicles over 3.5 metric tons prohibited_Turn left ahead_Speed limit_60 km-h_35.png
64,58,5,5,59,53,28,/content/generated_inputs_trafficsigns_occl0/occl_Wild animals crossing_Children crossing_Wild animals crossing_35.png
64,58,5,5,59,53,28,/content/generated_inputs_trafficsigns_light0/light_Dangerous curve to the left_Wild animals crossing_Turn right ahead_35.png
74,72,7,7,68,66,31,/content/generated_inputs_trafficsigns_light1/light_Dangerous curve to the left_Wild animals crossing_Turn right ahead_37.png
74,72,7,7,68,66,31,/content/generated_inputs_trafficsigns_light2/light_Yield_Yield_Speed limit_50 km-h_37.png
74,72,7,7,68,66,31,/content/generated_inputs_trafficsigns_occl2/occl_No entry_Speed limit_60 km-h_Speed limit_60 km-h_37.png
74,72,7,7,68,66,31,/content/generated_inputs_trafficsigns_occl1/occl_No passing for vehicles over 3.5 metric tons_Speed limit_100 km-h_No passing for vehicles over 3.5 metric tons_37.png
74,72,7,7,68,66,31,/content/generated_inputs_trafficsigns_occl0/occl_Turn left ahead_Wild animals crossing_Wild animals crossing_37.png
74,72,7,7,68,66,31,/content/generated_inputs_trafficsigns_light0/light_Dangerous curve to the left_Wild animals crossing_Turn right ahead_37.png
74,72,7,7,68,66,31,/content/generated_inputs_trafficsigns_blackout0/blackout_Road narrows on the right_Road work_Yield_18.png
64,97,6,8,59,89,13,/content/generated_inputs_trafficsigns_light1/light_Dangerous curve to the left_Wild animals crossing_Turn right ahead_38.png
64,97,6,8,59,89,13,/content/generated_inputs_trafficsigns_light2/light_Yield_Yield_Speed limit_50 km-h_38.png
64,97,6,8,59,89,13,/content/generated_inputs_trafficsigns_occl2/occl_Keep right_Keep right_Speed limit_60 km-h_38.png
64,97,6,8,59,89,13,/content/generated_inputs_trafficsigns_occl1/occl_No passing for vehicles over 3.5 metric tons_Beware of ice-snow_No passing for vehicles over 3.5 metric tons_38.png
64,97,6,8,59,89,13,/content/generated_inputs_trafficsigns_occl0/occl_Road work_Yield_Yield_38.png
64,97,6,8,59,89,13,/content/generated_inputs_trafficsigns_light0/light_Dangerous curve to the left_Wild animals crossing_Turn right ahead_38.png
42,43,5,5,36,37,40,/content/generated_inputs_trafficsigns_light1/light_Yield_Yield_Speed limit_50 km-h_39.png
42,43,5,5,36,37,40,/content/generated_inputs_trafficsigns_light2/light_Dangerous curve to the left_Wild animals crossing_Turn right ahead_39.png
42,43,5,5,36,37,40,/content/generated_inputs_trafficsigns_occl2/occl_Roundabout mandatory_Keep right_Speed limit_60 km-h_39.png
42,43,5,5,36,37,40,/content/generated_inputs_trafficsigns_occl1/occl_No passing for vehicles over 3.5 metric tons_Speed limit_100 km-h_Speed limit_70 km-h_39.png
42,43,5,5,36,37,40,/content/generated_inputs_trafficsigns_occl0/occl_Roundabout mandatory_Speed limit_120 km-h_Roundabout mandatory_39.png
42,43,5,5,36,37,40,/content/generated_inputs_trafficsigns_light0/light_Yield_Yield_Speed limit_50 km-h_39.png
42,43,5,5,36,37,40,/content/generated_inputs_trafficsigns_blackout0/blackout_Beware of ice-snow_Go straight or right_Bumpy road_19.png
123,125,10,11,113,115,1,/content/generated_inputs_trafficsigns_light1/light_Yield_Yield_Speed limit_50 km-h_40.png
123,125,10,11,113,115,1,/content/generated_inputs_trafficsigns_light2/light_Yield_Yield_Speed limit_50 km-h_40.png
123,125,10,11,113,115,1,/content/generated_inputs_trafficsigns_occl2/occl_Speed limit_30 km-h_Speed limit_60 km-h_Traffic signals_40.png
123,125,10,11,113,115,1,/content/generated_inputs_trafficsigns_occl1/occl_Speed limit_30 km-h_Speed limit_120 km-h_Speed limit_20 km-h_40.png
123,125,10,11,113,115,1,/content/generated_inputs_trafficsigns_occl0/occl_Speed limit_20 km-h_Speed limit_30 km-h_Speed limit_30 km-h_40.png
123,125,10,11,113,115,1,/content/generated_inputs_trafficsigns_light0/light_Yield_Yield_Speed limit_50 km-h_40.png
86,87,7,7,79,80,37,/content/generated_inputs_trafficsigns_light1/light_Yield_Yield_Speed limit_50 km-h_42.png
86,87,7,7,79,80,37,/content/generated_inputs_trafficsigns_light2/light_Dangerous curve to the left_Wild animals crossing_Turn right ahead_42.png
86,87,7,7,79,80,37,/content/generated_inputs_trafficsigns_occl2/occl_No passing for vehicles over 3.5 metric tons_No passing for vehicles over 3.5 metric tons_General caution_42.png
86,87,7,7,79,80,37,/content/generated_inputs_trafficsigns_occl1/occl_Right-of-way at the next intersection_Keep right_Dangerous curve to the right_42.png
86,87,7,7,79,80,37,/content/generated_inputs_trafficsigns_occl0/occl_Keep left_Speed limit_120 km-h_Go straight or left_42.png
86,87,7,7,79,80,37,/content/generated_inputs_trafficsigns_light0/light_Dangerous curve to the left_Wild animals crossing_Turn right ahead_42.png
40,40,5,6,35,35,8,/content/generated_inputs_trafficsigns_light1/light_Dangerous curve to the left_Wild animals crossing_Turn right ahead_44.png
40,40,5,6,35,35,8,/content/generated_inputs_trafficsigns_light2/light_Dangerous curve to the left_Wild animals crossing_Turn right ahead_44.png
40,40,5,6,35,35,8,/content/generated_inputs_trafficsigns_occl2/occl_No passing for vehicles over 3.5 metric tons_Speed limit_120 km-h_Stop_44.png
40,40,5,6,35,35,8,/content/generated_inputs_trafficsigns_occl1/occl_No passing for vehicles over 3.5 metric tons_Speed limit_60 km-h_No passing for vehicles over 3.5 metric tons_44.png
40,40,5,6,35,35,8,/content/generated_inputs_trafficsigns_occl0/occl_Children crossing_Speed limit_120 km-h_Speed limit_120 km-h_44.png
40,40,5,6,35,35,8,/content/generated_inputs_trafficsigns_light0/light_Dangerous curve to the left_Wild animals crossing_Turn right ahead_44.png
40,40,5,6,35,35,8,/content/generated_inputs_trafficsigns_blackout0/blackout_Speed limit_70 km-h_Keep right_Speed limit_70 km-h_22.png
30,31,5,6,25,26,10,/content/generated_inputs_trafficsigns_light1/light_Dangerous curve to the left_Wild animals crossing_Turn right ahead_45.png
30,31,5,6,25,26,10,/content/generated_inputs_trafficsigns_light2/light_Yield_Yield_Speed limit_50 km-h_45.png
30,31,5,6,25,26,10,/content/generated_inputs_trafficsigns_occl1/occl_No passing for vehicles over 3.5 metric tons_General caution_No passing for vehicles over 3.5 metric tons_45.png
30,31,5,6,25,26,10,/content/generated_inputs_trafficsigns_occl0/occl_Turn left ahead_No vehicles_Wild animals crossing_45.png
30,31,5,6,25,26,10,/content/generated_inputs_trafficsigns_light0/light_Dangerous curve to the left_Wild animals crossing_Turn right ahead_45.png
44,46,5,5,39,41,14,/content/generated_inputs_trafficsigns_light1/light_Dangerous curve to the left_Wild animals crossing_Turn right ahead_46.png
44,46,5,5,39,41,14,/content/generated_inputs_trafficsigns_light2/light_Yield_Yield_Speed limit_50 km-h_46.png
44,46,5,5,39,41,14,/content/generated_inputs_trafficsigns_occl2/occl_No passing for vehicles over 3.5 metric tons_Speed limit_60 km-h_No passing for vehicles over 3.5 metric tons_46.png
44,46,5,5,39,41,14,/content/generated_inputs_trafficsigns_occl1/occl_Stop_Keep right_Stop_46.png
44,46,5,5,39,41,14,/content/generated_inputs_trafficsigns_occl0/occl_Turn left ahead_Speed limit_120 km-h_Yield_46.png
44,46,5,5,39,41,14,/content/generated_inputs_trafficsigns_light0/light_Dangerous curve to the left_Wild animals crossing_Turn right ahead_46.png
71,62,6,5,65,57,38,/content/generated_inputs_trafficsigns_light1/light_Yield_Yield_Speed limit_50 km-h_48.png
71,62,6,5,65,57,38,/content/generated_inputs_trafficsigns_light2/light_Dangerous curve to the left_Wild animals crossing_Turn right ahead_48.png
71,62,6,5,65,57,38,/content/generated_inputs_trafficsigns_occl2/occl_Stop_Keep right_Speed limit_60 km-h_48.png
71,62,6,5,65,57,38,/content/generated_inputs_trafficsigns_occl1/occl_No passing for vehicles over 3.5 metric tons_Speed limit_120 km-h_Speed limit_120 km-h_48.png
71,62,6,5,65,57,38,/content/generated_inputs_trafficsigns_occl0/occl_Turn left ahead_Keep right_Keep right_48.png
71,62,6,5,65,57,38,/content/generated_inputs_trafficsigns_light0/light_Yield_Yield_Speed limit_50 km-h_48.png
30,29,6,5,25,24,4,/content/generated_inputs_trafficsigns_light1/light_Dangerous curve to the left_Wild animals crossing_Turn right ahead_49.png
30,29,6,5,25,24,4,/content/generated_inputs_trafficsigns_light2/light_Yield_Yield_Speed limit_50 km-h_49.png
30,29,6,5,25,24,4,/content/generated_inputs_trafficsigns_occl2/occl_No passing for vehicles over 3.5 metric tons_General caution_No passing for vehicles over 3.5 metric tons_49.png
30,29,6,5,25,24,4,/content/generated_inputs_trafficsigns_occl1/occl_No entry_Speed limit_60 km-h_Speed limit_70 km-h_49.png
30,29,6,5,25,24,4,/content/generated_inputs_trafficsigns_occl0/occl_Speed limit_120 km-h_Speed limit_120 km-h_Speed limit_30 km-h_49.png
30,29,6,5,25,24,4,/content/generated_inputs_trafficsigns_light0/light_Dangerous curve to the left_Wild animals crossing_Turn right ahead_49.png
30,31,5,6,25,26,37,/content/generated_inputs_trafficsigns_light1/light_Yield_Yield_Speed limit_50 km-h_52.png
30,31,5,6,25,26,37,/content/generated_inputs_trafficsigns_light2/light_Dangerous curve to the left_Wild animals crossing_Turn right ahead_52.png
30,31,5,6,25,26,37,/content/generated_inputs_trafficsigns_occl2/occl_No passing for vehicles over 3.5 metric tons_No passing for vehicles over 3.5 metric tons_General caution_52.png
30,31,5,6,25,26,37,/content/generated_inputs_trafficsigns_occl1/occl_General caution_Keep right_Dangerous curve to the right_52.png
30,31,5,6,25,26,37,/content/generated_inputs_trafficsigns_occl0/occl_Keep left_Go straight or left_Yield_52.png
30,31,5,6,25,26,37,/content/generated_inputs_trafficsigns_light0/light_Dangerous curve to the left_Wild animals crossing_Turn right ahead_52.png
61,62,5,6,56,57,24,/content/generated_inputs_trafficsigns_light1/light_Dangerous curve to the left_Wild animals crossing_Turn right ahead_53.png
61,62,5,6,56,57,24,/content/generated_inputs_trafficsigns_light2/light_Yield_Yield_Speed limit_50 km-h_53.png
61,62,5,6,56,57,24,/content/generated_inputs_trafficsigns_occl2/occl_Vehicles over 3.5 metric tons prohibited_Go straight or right_Speed limit_60 km-h_53.png
61,62,5,6,56,57,24,/content/generated_inputs_trafficsigns_occl1/occl_No passing for vehicles over 3.5 metric tons_Right-of-way at the next intersection_No passing for vehicles over 3.5 metric tons_53.png
61,62,5,6,56,57,24,/content/generated_inputs_trafficsigns_occl0/occl_Right-of-way at the next intersection_Children crossing_Yield_53.png
61,62,5,6,56,57,24,/content/generated_inputs_trafficsigns_light0/light_Dangerous curve to the left_Wild animals crossing_Turn right ahead_53.png
36,59,5,5,31,54,15,/content/generated_inputs_trafficsigns_light1/light_Dangerous curve to the left_Wild animals crossing_Turn right ahead_54.png
36,59,5,5,31,54,15,/content/generated_inputs_trafficsigns_light2/light_Dangerous curve to the left_Wild animals crossing_Turn right ahead_54.png
36,59,5,5,31,54,15,/content/generated_inputs_trafficsigns_occl2/occl_No passing for vehicles over 3.5 metric tons_Speed limit_60 km-h_No passing for vehicles over 3.5 metric tons_54.png
36,59,5,5,31,54,15,/content/generated_inputs_trafficsigns_occl1/occl_Speed limit_70 km-h_Slippery road_Speed limit_70 km-h_54.png
36,59,5,5,31,54,15,/content/generated_inputs_trafficsigns_occl0/occl_Speed limit_70 km-h_No vehicles_Yield_54.png
36,59,5,5,31,54,15,/content/generated_inputs_trafficsigns_light0/light_Dangerous curve to the left_Wild animals crossing_Turn right ahead_54.png
36,59,5,5,31,54,15,/content/generated_inputs_trafficsigns_blackout0/blackout_Yield_No vehicles_Yield_27.png
47,50,6,5,42,45,15,/content/generated_inputs_trafficsigns_light1/light_Dangerous curve to the left_Wild animals crossing_Turn right ahead_55.png
47,50,6,5,42,45,15,/content/generated_inputs_trafficsigns_light2/light_Yield_Yield_Speed limit_50 km-h_55.png
47,50,6,5,42,45,15,/content/generated_inputs_trafficsigns_occl2/occl_No passing for vehicles over 3.5 metric tons_Speed limit_60 km-h_No passing for vehicles over 3.5 metric tons_55.png
47,50,6,5,42,45,15,/content/generated_inputs_trafficsigns_occl1/occl_No passing for vehicles over 3.5 metric tons_Speed limit_120 km-h_Speed limit_120 km-h_55.png
47,50,6,5,42,45,15,/content/generated_inputs_trafficsigns_occl0/occl_Speed limit_70 km-h_No vehicles_No vehicles_55.png
47,50,6,5,42,45,15,/content/generated_inputs_trafficsigns_light0/light_Dangerous curve to the left_Wild animals crossing_Turn right ahead_55.png
41,41,6,5,36,35,2,/content/generated_inputs_trafficsigns_light1/light_Dangerous curve to the left_Wild animals crossing_Turn right ahead_57.png
41,41,6,5,36,35,2,/content/generated_inputs_trafficsigns_light2/light_Yield_Yield_Speed limit_50 km-h_57.png
41,41,6,5,36,35,2,/content/generated_inputs_trafficsigns_occl2/occl_No passing for vehicles over 3.5 metric tons_Go straight or right_Stop_57.png
41,41,6,5,36,35,2,/content/generated_inputs_trafficsigns_occl1/occl_No passing for vehicles over 3.5 metric tons_Right-of-way at the next intersection_No passing for vehicles over 3.5 metric tons_57.png
41,41,6,5,36,35,2,/content/generated_inputs_trafficsigns_occl0/occl_Keep left_Speed limit_50 km-h_Wild animals crossing_57.png
41,41,6,5,36,35,2,/content/generated_inputs_trafficsigns_light0/light_Dangerous curve to the left_Wild animals crossing_Turn right ahead_57.png
47,51,5,5,42,46,15,/content/generated_inputs_trafficsigns_light1/light_Dangerous curve to the left_Wild animals crossing_Turn right ahead_58.png
47,51,5,5,42,46,15,/content/generated_inputs_trafficsigns_light2/light_Yield_Yield_Speed limit_50 km-h_58.png
47,51,5,5,42,46,15,/content/generated_inputs_trafficsigns_occl2/occl_No passing for vehicles over 3.5 metric tons_General caution_General caution_58.png
47,51,5,5,42,46,15,/content/generated_inputs_trafficsigns_occl1/occl_No passing for vehicles over 3.5 metric tons_Speed limit_60 km-h_Speed limit_60 km-h_58.png
47,51,5,5,42,46,15,/content/generated_inputs_trafficsigns_occl0/occl_Speed limit_120 km-h_No vehicles_No vehicles_58.png
47,51,5,5,42,46,15,/content/generated_inputs_trafficsigns_light0/light_Dangerous curve to the left_Wild animals crossing_Turn right ahead_58.png
47,51,5,5,42,46,15,/content/generated_inputs_trafficsigns_blackout0/blackout_Yield_Yield_Speed limit_50 km-h_29.png
27,28,5,5,22,23,5,/content/generated_inputs_trafficsigns_light1/light_Dangerous curve to the left_Wild animals crossing_Turn right ahead_59.png
27,28,5,5,22,23,5,/content/generated_inputs_trafficsigns_light2/light_Dangerous curve to the left_Wild animals crossing_Turn right ahead_59.png
27,28,5,5,22,23,5,/content/generated_inputs_trafficsigns_occl2/occl_No passing for vehicles over 3.5 metric tons_Turn left ahead_Dangerous curve to the right_59.png
27,28,5,5,22,23,5,/content/generated_inputs_trafficsigns_occl1/occl_No passing for vehicles over 3.5 metric tons_Speed limit_60 km-h_Speed limit_60 km-h_59.png
27,28,5,5,22,23,5,/content/generated_inputs_trafficsigns_occl0/occl_Keep left_Speed limit_80 km-h_Speed limit_20 km-h_59.png
27,28,5,5,22,23,5,/content/generated_inputs_trafficsigns_light0/light_Dangerous curve to the left_Wild animals crossing_Turn right ahead_59.png
36,38,6,5,31,33,17,/content/generated_inputs_trafficsigns_light1/light_Dangerous curve to the left_Wild animals crossing_Turn right ahead_66.png
36,38,6,5,31,33,17,/content/generated_inputs_trafficsigns_light2/light_Yield_Yield_Speed limit_50 km-h_66.png
36,38,6,5,31,33,17,/content/generated_inputs_trafficsigns_occl2/occl_No passing for vehicles over 3.5 metric tons_No passing for vehicles over 3.5 metric tons_Speed limit_70 km-h_66.png
36,38,6,5,31,33,17,/content/generated_inputs_trafficsigns_occl1/occl_No entry_No passing for vehicles over 3.5 metric tons_No entry_66.png
36,38,6,5,31,33,17,/content/generated_inputs_trafficsigns_occl0/occl_Speed limit_120 km-h_No entry_Speed limit_120 km-h_66.png
36,38,6,5,31,33,17,/content/generated_inputs_trafficsigns_light0/light_Dangerous curve to the left_Wild animals crossing_Turn right ahead_66.png
36,38,6,5,31,33,17,/content/generated_inputs_trafficsigns_blackout0/blackout_Speed limit_70 km-h_Speed limit_70 km-h_Speed limit_30 km-h_33.png
31,31,6,6,26,26,22,/content/generated_inputs_trafficsigns_light1/light_Dangerous curve to the left_Wild animals crossing_Turn right ahead_67.png
31,31,6,6,26,26,22,/content/generated_inputs_trafficsigns_light2/light_Yield_Yield_Speed limit_50 km-h_67.png
31,31,6,6,26,26,22,/content/generated_inputs_trafficsigns_occl2/occl_Speed limit_60 km-h_Go straight or right_Speed limit_60 km-h_67.png
31,31,6,6,26,26,22,/content/generated_inputs_trafficsigns_occl1/occl_No passing for vehicles over 3.5 metric tons_Speed limit_100 km-h_General caution_67.png
31,31,6,6,26,26,22,/content/generated_inputs_trafficsigns_occl0/occl_Keep left_Road work_Wild animals crossing_67.png
31,31,6,6,26,26,22,/content/generated_inputs_trafficsigns_light0/light_Dangerous curve to the left_Wild animals crossing_Turn right ahead_67.png
40,40,5,5,35,35,38,/content/generated_inputs_trafficsigns_light1/light_Yield_Yield_Speed limit_50 km-h_68.png
40,40,5,5,35,35,38,/content/generated_inputs_trafficsigns_light2/light_Dangerous curve to the left_Wild animals crossing_Turn right ahead_68.png
40,40,5,5,35,35,38,/content/generated_inputs_trafficsigns_occl2/occl_Stop_Keep right_Dangerous curve to the right_68.png
40,40,5,5,35,35,38,/content/generated_inputs_trafficsigns_occl1/occl_No passing for vehicles over 3.5 metric tons_Speed limit_120 km-h_Speed limit_120 km-h_68.png
40,40,5,5,35,35,38,/content/generated_inputs_trafficsigns_occl0/occl_Turn left ahead_Road work_Turn left ahead_68.png
40,40,5,5,35,35,38,/content/generated_inputs_trafficsigns_light0/light_Dangerous curve to the left_Wild animals crossing_Turn right ahead_68.png
135,118,11,11,124,108,13,/content/generated_inputs_trafficsigns_light1/light_Dangerous curve to the left_Wild animals crossing_Turn right ahead_69.png
135,118,11,11,124,108,13,/content/generated_inputs_trafficsigns_light2/light_Yield_Yield_Speed limit_50 km-h_69.png
135,118,11,11,124,108,13,/content/generated_inputs_trafficsigns_occl2/occl_Speed limit_100 km-h_Keep right_Speed limit_60 km-h_69.png
135,118,11,11,124,108,13,/content/generated_inputs_trafficsigns_occl1/occl_No passing for vehicles over 3.5 metric tons_Slippery road_Speed limit_60 km-h_69.png
135,118,11,11,124,108,13,/content/generated_inputs_trafficsigns_occl0/occl_Dangerous curve to the right_Yield_Yield_69.png
135,118,11,11,124,108,13,/content/generated_inputs_trafficsigns_light0/light_Dangerous curve to the left_Wild animals crossing_Turn right ahead_69.png
35,36,5,5,29,30,38,/content/generated_inputs_trafficsigns_light1/light_Yield_Yield_Speed limit_50 km-h_70.png
35,36,5,5,29,30,38,/content/generated_inputs_trafficsigns_light2/light_Dangerous curve to the left_Wild animals crossing_Turn right ahead_70.png
35,36,5,5,29,30,38,/content/generated_inputs_trafficsigns_occl2/occl_No passing for vehicles over 3.5 metric tons_Keep right_Speed limit_60 km-h_70.png
35,36,5,5,29,30,38,/content/generated_inputs_trafficsigns_occl1/occl_No passing for vehicles over 3.5 metric tons_Speed limit_120 km-h_Speed limit_120 km-h_70.png
35,36,5,5,29,30,38,/content/generated_inputs_trafficsigns_occl0/occl_Turn left ahead_Keep right_Keep right_70.png
35,36,5,5,29,30,38,/content/generated_inputs_trafficsigns_light0/light_Dangerous curve to the left_Wild animals crossing_Turn right ahead_70.png
60,56,5,5,55,51,22,/content/generated_inputs_trafficsigns_light1/light_Dangerous curve to the left_Wild animals crossing_Turn right ahead_71.png
60,56,5,5,55,51,22,/content/generated_inputs_trafficsigns_light2/light_Yield_Yield_Speed limit_50 km-h_71.png
60,56,5,5,55,51,22,/content/generated_inputs_trafficsigns_occl1/occl_No entry_Double curve_General caution_71.png
60,56,5,5,55,51,22,/content/generated_inputs_trafficsigns_occl0/occl_Bumpy road_Road work_Bumpy road_71.png
60,56,5,5,55,51,22,/content/generated_inputs_trafficsigns_light0/light_Dangerous curve to the left_Wild animals crossing_Turn right ahead_71.png
60,56,5,5,55,51,22,/content/generated_inputs_trafficsigns_blackout0/blackout_Yield_Dangerous curve to the right_Speed limit_50 km-h_35.png
69,71,7,7,63,65,25,/content/generated_inputs_trafficsigns_light1/light_Dangerous curve to the left_Wild animals crossing_Turn right ahead_73.png
69,71,7,7,63,65,25,/content/generated_inputs_trafficsigns_light2/light_Yield_Yield_Speed limit_50 km-h_73.png
69,71,7,7,63,65,25,/content/generated_inputs_trafficsigns_occl2/occl_Stop_Speed limit_60 km-h_Speed limit_60 km-h_73.png
69,71,7,7,63,65,25,/content/generated_inputs_trafficsigns_occl1/occl_No passing for vehicles over 3.5 metric tons_Speed limit_120 km-h_No passing for vehicles over 3.5 metric tons_73.png
69,71,7,7,63,65,25,/content/generated_inputs_trafficsigns_occl0/occl_Road work_Road work_Wild animals crossing_73.png
69,71,7,7,63,65,25,/content/generated_inputs_trafficsigns_light0/light_Dangerous curve to the left_Wild animals crossing_Turn right ahead_73.png
69,71,7,7,63,65,25,/content/generated_inputs_trafficsigns_blackout0/blackout_Turn right ahead_General caution_Go straight or right_36.png
34,34,5,5,29,29,17,/content/generated_inputs_trafficsigns_light1/light_Dangerous curve to the left_Wild animals crossing_Turn right ahead_74.png
34,34,5,5,29,29,17,/content/generated_inputs_trafficsigns_light2/light_Yield_Yield_Speed limit_50 km-h_74.png
34,34,5,5,29,29,17,/content/generated_inputs_trafficsigns_occl2/occl_Speed limit_70 km-h_Beware of ice-snow_Speed limit_70 km-h_74.png
34,34,5,5,29,29,17,/content/generated_inputs_trafficsigns_occl1/occl_No entry_Speed limit_100 km-h_No entry_74.png
34,34,5,5,29,29,17,/content/generated_inputs_trafficsigns_occl0/occl_No entry_No entry_Speed limit_70 km-h_74.png
34,34,5,5,29,29,17,/content/generated_inputs_trafficsigns_light0/light_Dangerous curve to the left_Wild animals crossing_Turn right ahead_74.png
69,73,7,7,63,67,35,/content/generated_inputs_trafficsigns_light1/light_Yield_Yield_Speed limit_50 km-h_81.png
69,73,7,7,63,67,35,/content/generated_inputs_trafficsigns_light2/light_Dangerous curve to the left_Wild animals crossing_Turn right ahead_81.png
69,73,7,7,63,67,35,/content/generated_inputs_trafficsigns_occl2/occl_No passing for vehicles over 3.5 metric tons_Speed limit_100 km-h_No passing for vehicles over 3.5 metric tons_81.png
69,73,7,7,63,67,35,/content/generated_inputs_trafficsigns_occl1/occl_No passing for vehicles over 3.5 metric tons_Keep right_No passing for vehicles over 3.5 metric tons_81.png
69,73,7,7,63,67,35,/content/generated_inputs_trafficsigns_occl0/occl_Ahead only_Speed limit_120 km-h_Yield_81.png
69,73,7,7,63,67,35,/content/generated_inputs_trafficsigns_light0/light_Dangerous curve to the left_Wild animals crossing_Turn right ahead_81.png
39,38,5,6,34,33,26,/content/generated_inputs_trafficsigns_light1/light_Yield_Yield_Speed limit_50 km-h_82.png
39,38,5,6,34,33,26,/content/generated_inputs_trafficsigns_light2/light_Dangerous curve to the left_Wild animals crossing_Turn right ahead_82.png
39,38,5,6,34,33,26,/content/generated_inputs_trafficsigns_occl2/occl_Stop_Keep right_Dangerous curve to the right_82.png
39,38,5,6,34,33,26,/content/generated_inputs_trafficsigns_occl1/occl_No passing for vehicles over 3.5 metric tons_Speed limit_80 km-h_No passing for vehicles over 3.5 metric tons_82.png
39,38,5,6,34,33,26,/content/generated_inputs_trafficsigns_occl0/occl_Traffic signals_Speed limit_120 km-h_Wild animals crossing_82.png
39,38,5,6,34,33,26,/content/generated_inputs_trafficsigns_light0/light_Dangerous curve to the left_Wild animals crossing_Turn right ahead_82.png
71,71,6,6,65,65,1,/content/generated_inputs_trafficsigns_light1/light_Dangerous curve to the left_Wild animals crossing_Turn right ahead_83.png
71,71,6,6,65,65,1,/content/generated_inputs_trafficsigns_light2/light_Yield_Yield_Speed limit_50 km-h_83.png
71,71,6,6,65,65,1,/content/generated_inputs_trafficsigns_occl2/occl_Speed limit_30 km-h_Beware of ice-snow_Traffic signals_83.png
71,71,6,6,65,65,1,/content/generated_inputs_trafficsigns_occl1/occl_No entry_Keep right_No entry_83.png
71,71,6,6,65,65,1,/content/generated_inputs_trafficsigns_occl0/occl_Speed limit_70 km-h_Speed limit_60 km-h_Speed limit_30 km-h_83.png
71,71,6,6,65,65,1,/content/generated_inputs_trafficsigns_light0/light_Yield_Yield_Speed limit_50 km-h_83.png
50,53,6,5,45,48,33,/content/generated_inputs_trafficsigns_light1/light_Dangerous curve to the left_Wild animals crossing_Turn right ahead_84.png
50,53,6,5,45,48,33,/content/generated_inputs_trafficsigns_light2/light_Dangerous curve to the left_Wild animals crossing_Turn right ahead_84.png
50,53,6,5,45,48,33,/content/generated_inputs_trafficsigns_occl2/occl_No passing for vehicles over 3.5 metric tons_Speed limit_60 km-h_Dangerous curve to the right_84.png
50,53,6,5,45,48,33,/content/generated_inputs_trafficsigns_occl1/occl_Speed limit_30 km-h_Speed limit_60 km-h_Speed limit_60 km-h_84.png
50,53,6,5,45,48,33,/content/generated_inputs_trafficsigns_occl0/occl_Right-of-way at the next intersection_Speed limit_120 km-h_Yield_84.png
50,53,6,5,45,48,33,/content/generated_inputs_trafficsigns_light0/light_Dangerous curve to the left_Wild animals crossing_Turn right ahead_84.png
50,53,6,5,45,48,33,/content/generated_inputs_trafficsigns_blackout0/blackout_No vehicles_Roundabout mandatory_Yield_40.png
112,104,10,9,103,95,29,/content/generated_inputs_trafficsigns_light1/light_Dangerous curve to the left_Wild animals crossing_Turn right ahead_85.png
112,104,10,9,103,95,29,/content/generated_inputs_trafficsigns_light2/light_Yield_Yield_Speed limit_50 km-h_85.png
112,104,10,9,103,95,29,/content/generated_inputs_trafficsigns_occl2/occl_No passing for vehicles over 3.5 metric tons_Slippery road_No passing for vehicles over 3.5 metric tons_85.png
112,104,10,9,103,95,29,/content/generated_inputs_trafficsigns_occl1/occl_Speed limit_70 km-h_Keep right_Bicycles crossing_85.png
112,104,10,9,103,95,29,/content/generated_inputs_trafficsigns_occl0/occl_Road narrows on the right_Children crossing_Wild animals crossing_85.png
112,104,10,9,103,95,29,/content/generated_inputs_trafficsigns_light0/light_Dangerous curve to the left_Wild animals crossing_Turn right ahead_85.png
94,86,8,7,86,79,28,/content/generated_inputs_trafficsigns_light1/light_Yield_Yield_Speed limit_50 km-h_90.png
94,86,8,7,86,79,28,/content/generated_inputs_trafficsigns_light2/light_Yield_Yield_Speed limit_50 km-h_90.png
94,86,8,7,86,79,28,/content/generated_inputs_trafficsigns_occl2/occl_No passing for vehicles over 3.5 metric tons_Go straight or right_Right-of-way at the next intersection_90.png
94,86,8,7,86,79,28,/content/generated_inputs_trafficsigns_occl1/occl_General caution_Turn left ahead_Speed limit_60 km-h_90.png
94,86,8,7,86,79,28,/content/generated_inputs_trafficsigns_occl0/occl_Wild animals crossing_Children crossing_Yield_90.png
94,86,8,7,86,79,28,/content/generated_inputs_trafficsigns_light0/light_Dangerous curve to the left_Wild animals crossing_Turn right ahead_90.png
92,96,8,9,84,88,39,/content/generated_inputs_trafficsigns_light1/light_Yield_Yield_Speed limit_50 km-h_96.png
92,96,8,9,84,88,39,/content/generated_inputs_trafficsigns_light2/light_Dangerous curve to the left_Wild animals crossing_Turn right ahead_96.png
92,96,8,9,84,88,39,/content/generated_inputs_trafficsigns_occl2/occl_Speed limit_30 km-h_Speed limit_60 km-h_Speed limit_60 km-h_96.png
92,96,8,9,84,88,39,/content/generated_inputs_trafficsigns_occl1/occl_No passing for vehicles over 3.5 metric tons_Go straight or right_Dangerous curve to the right_96.png
92,96,8,9,84,88,39,/content/generated_inputs_trafficsigns_occl0/occl_Yield_No vehicles_Yield_96.png
92,96,8,9,84,88,39,/content/generated_inputs_trafficsigns_light0/light_Dangerous curve to the left_Wild animals crossing_Turn right ahead_96.png
35,33,5,5,30,28,8,/content/generated_inputs_trafficsigns_light1/light_Dangerous curve to the left_Wild animals crossing_Turn right ahead_98.png
35,33,5,5,30,28,8,/content/generated_inputs_trafficsigns_light2/light_Yield_Yield_Speed limit_50 km-h_98.png
35,33,5,5,30,28,8,/content/generated_inputs_trafficsigns_occl2/occl_No passing for vehicles over 3.5 metric tons_Speed limit_120 km-h_Speed limit_120 km-h_98.png
35,33,5,5,30,28,8,/content/generated_inputs_trafficsigns_occl1/occl_No passing for vehicles over 3.5 metric tons_Keep right_No passing for vehicles over 3.5 metric tons_98.png
35,33,5,5,30,28,8,/content/generated_inputs_trafficsigns_occl0/occl_No vehicles_Speed limit_120 km-h_Speed limit_120 km-h_98.png
35,33,5,5,30,28,8,/content/generated_inputs_trafficsigns_light0/light_Dangerous curve to the left_Wild animals crossing_Turn right ahead_98.png
43,44,6,6,38,39,3,/content/generated_inputs_trafficsigns_light1/light_Dangerous curve to the left_Wild animals crossing_Turn right ahead_100.png
43,44,6,6,38,39,3,/content/generated_inputs_trafficsigns_light2/light_Dangerous curve to the left_Wild animals crossing_Turn right ahead_100.png
43,44,6,6,38,39,3,/content/generated_inputs_trafficsigns_occl2/occl_No passing for vehicles over 3.5 metric tons_Speed limit_60 km-h_Speed limit_60 km-h_100.png
43,44,6,6,38,39,3,/content/generated_inputs_trafficsigns_occl1/occl_Speed limit_60 km-h_Turn left ahead_Speed limit_60 km-h_100.png
43,44,6,6,38,39,3,/content/generated_inputs_trafficsigns_occl0/occl_Turn left ahead_Speed limit_120 km-h_Speed limit_120 km-h_100.png
43,44,6,6,38,39,3,/content/generated_inputs_trafficsigns_light0/light_Dangerous curve to the left_Wild animals crossing_Turn right ahead_100.png
38,38,5,5,33,33,8,/content/generated_inputs_trafficsigns_light1/light_Dangerous curve to the left_Wild animals crossing_Turn right ahead_102.png
38,38,5,5,33,33,8,/content/generated_inputs_trafficsigns_light2/light_Yield_Yield_Speed limit_50 km-h_102.png
38,38,5,5,33,33,8,/content/generated_inputs_trafficsigns_occl2/occl_Speed limit_120 km-h_Speed limit_120 km-h_Dangerous curve to the right_102.png
38,38,5,5,33,33,8,/content/generated_inputs_trafficsigns_occl1/occl_No passing for vehicles over 3.5 metric tons_Speed limit_60 km-h_No passing for vehicles over 3.5 metric tons_102.png
38,38,5,5,33,33,8,/content/generated_inputs_trafficsigns_occl0/occl_Road work_Speed limit_120 km-h_Speed limit_120 km-h_102.png
38,38,5,5,33,33,8,/content/generated_inputs_trafficsigns_light0/light_Yield_Yield_Speed limit_50 km-h_102.png
101,100,8,8,92,91,14,/content/generated_inputs_trafficsigns_light1/light_Dangerous curve to the left_Wild animals crossing_Turn right ahead_103.png
101,100,8,8,92,91,14,/content/generated_inputs_trafficsigns_light2/light_Yield_Yield_Speed limit_50 km-h_103.png
101,100,8,8,92,91,14,/content/generated_inputs_trafficsigns_occl2/occl_No entry_Speed limit_60 km-h_Speed limit_60 km-h_103.png
101,100,8,8,92,91,14,/content/generated_inputs_trafficsigns_occl1/occl_No passing for vehicles over 3.5 metric tons_Speed limit_120 km-h_No passing for vehicles over 3.5 metric tons_103.png
101,100,8,8,92,91,14,/content/generated_inputs_trafficsigns_occl0/occl_Road work_Speed limit_120 km-h_No vehicles_103.png
101,100,8,8,92,91,14,/content/generated_inputs_trafficsigns_light0/light_Dangerous curve to the left_Wild animals crossing_Turn right ahead_103.png
101,100,8,8,92,91,14,/content/generated_inputs_trafficsigns_blackout0/blackout_No vehicles_Wild animals crossing_Speed limit_30 km-h_51.png
35,38,5,5,30,32,33,/content/generated_inputs_trafficsigns_light1/light_Dangerous curve to the left_Wild animals crossing_Turn right ahead_105.png
35,38,5,5,30,32,33,/content/generated_inputs_trafficsigns_light2/light_Dangerous curve to the left_Wild animals crossing_Turn right ahead_105.png
35,38,5,5,30,32,33,/content/generated_inputs_trafficsigns_occl2/occl_Right-of-way at the next intersection_Speed limit_60 km-h_Dangerous curve to the right_105.png
35,38,5,5,30,32,33,/content/generated_inputs_trafficsigns_occl1/occl_Speed limit_30 km-h_Speed limit_60 km-h_Speed limit_60 km-h_105.png
35,38,5,5,30,32,33,/content/generated_inputs_trafficsigns_occl0/occl_Right-of-way at the next intersection_Speed limit_120 km-h_Yield_105.png
35,38,5,5,30,32,33,/content/generated_inputs_trafficsigns_light0/light_Dangerous curve to the left_Wild animals crossing_Turn right ahead_105.png
35,34,6,5,30,29,31,/content/generated_inputs_trafficsigns_light1/light_Dangerous curve to the left_Wild animals crossing_Turn right ahead_112.png
35,34,6,5,30,29,31,/content/generated_inputs_trafficsigns_light2/light_Yield_Yield_Speed limit_50 km-h_112.png
35,34,6,5,30,29,31,/content/generated_inputs_trafficsigns_occl2/occl_No passing for vehicles over 3.5 metric tons_Speed limit_60 km-h_Speed limit_60 km-h_112.png
35,34,6,5,30,29,31,/content/generated_inputs_trafficsigns_occl1/occl_No passing for vehicles over 3.5 metric tons_Speed limit_120 km-h_No passing for vehicles over 3.5 metric tons_112.png
35,34,6,5,30,29,31,/content/generated_inputs_trafficsigns_occl0/occl_Turn left ahead_Speed limit_120 km-h_Wild animals crossing_112.png
35,34,6,5,30,29,31,/content/generated_inputs_trafficsigns_light0/light_Dangerous curve to the left_Wild animals crossing_Turn right ahead_112.png
61,65,6,6,56,60,8,/content/generated_inputs_trafficsigns_light1/light_Dangerous curve to the left_Wild animals crossing_Turn right ahead_115.png
61,65,6,6,56,60,8,/content/generated_inputs_trafficsigns_light2/light_Yield_Yield_Speed limit_50 km-h_115.png
61,65,6,6,56,60,8,/content/generated_inputs_trafficsigns_occl2/occl_No passing for vehicles over 3.5 metric tons_Speed limit_120 km-h_Dangerous curve to the right_115.png
61,65,6,6,56,60,8,/content/generated_inputs_trafficsigns_occl1/occl_No passing for vehicles over 3.5 metric tons_Speed limit_60 km-h_No passing for vehicles over 3.5 metric tons_115.png
61,65,6,6,56,60,8,/content/generated_inputs_trafficsigns_occl0/occl_Speed limit_70 km-h_Speed limit_120 km-h_Speed limit_120 km-h_115.png
61,65,6,6,56,60,8,/content/generated_inputs_trafficsigns_light0/light_Dangerous curve to the left_Wild animals crossing_Turn right ahead_115.png
29,29,6,5,24,24,2,/content/generated_inputs_trafficsigns_light1/light_Dangerous curve to the left_Wild animals crossing_Turn right ahead_119.png
29,29,6,5,24,24,2,/content/generated_inputs_trafficsigns_light2/light_Dangerous curve to the left_Wild animals crossing_Turn right ahead_119.png
29,29,6,5,24,24,2,/content/generated_inputs_trafficsigns_occl2/occl_No passing for vehicles over 3.5 metric tons_Speed limit_60 km-h_No passing for vehicles over 3.5 metric tons_119.png
29,29,6,5,24,24,2,/content/generated_inputs_trafficsigns_occl1/occl_No passing for vehicles over 3.5 metric tons_Right-of-way at the next intersection_No passing for vehicles over 3.5 metric tons_119.png
29,29,6,5,24,24,2,/content/generated_inputs_trafficsigns_occl0/occl_Speed limit_30 km-h_Speed limit_50 km-h_Speed limit_50 km-h_119.png
29,29,6,5,24,24,2,/content/generated_inputs_trafficsigns_light0/light_Yield_Yield_Speed limit_50 km-h_119.png
36,39,6,5,31,34,39,/content/generated_inputs_trafficsigns_light1/light_Dangerous curve to the left_Wild animals crossing_Turn right ahead_120.png
36,39,6,5,31,34,39,/content/generated_inputs_trafficsigns_light2/light_Dangerous curve to the left_Wild animals crossing_Turn right ahead_120.png
36,39,6,5,31,34,39,/content/generated_inputs_trafficsigns_occl2/occl_Speed limit_60 km-h_Keep right_Speed limit_60 km-h_120.png
36,39,6,5,31,34,39,/content/generated_inputs_trafficsigns_occl1/occl_No passing for vehicles over 3.5 metric tons_Speed limit_100 km-h_Speed limit_100 km-h_120.png
36,39,6,5,31,34,39,/content/generated_inputs_trafficsigns_occl0/occl_Keep left_No vehicles_Yield_120.png
36,39,6,5,31,34,39,/content/generated_inputs_trafficsigns_light0/light_Dangerous curve to the left_Wild animals crossing_Turn right ahead_120.png
43,43,5,5,38,38,36,/content/generated_inputs_trafficsigns_light1/light_Yield_Yield_Speed limit_50 km-h_122.png
43,43,5,5,38,38,36,/content/generated_inputs_trafficsigns_light2/light_Dangerous curve to the left_Wild animals crossing_Turn right ahead_122.png
43,43,5,5,38,38,36,/content/generated_inputs_trafficsigns_occl2/occl_Speed limit_120 km-h_Go straight or right_Dangerous curve to the right_122.png
43,43,5,5,38,38,36,/content/generated_inputs_trafficsigns_occl1/occl_No passing for vehicles over 3.5 metric tons_Speed limit_60 km-h_No passing for vehicles over 3.5 metric tons_122.png
43,43,5,5,38,38,36,/content/generated_inputs_trafficsigns_occl0/occl_Go straight or right_Go straight or right_Keep right_122.png
43,43,5,5,38,38,36,/content/generated_inputs_trafficsigns_light0/light_Dangerous curve to the left_Wild animals crossing_Turn right ahead_122.png
43,43,5,5,38,38,36,/content/generated_inputs_trafficsigns_blackout0/blackout_No passing for vehicles over 3.5 metric tons_Go straight or right_No passing for vehicles over 3.5 metric tons_9.png
65,59,6,5,60,54,10,/content/generated_inputs_trafficsigns_light1/light_Dangerous curve to the left_Wild animals crossing_Turn right ahead_124.png
65,59,6,5,60,54,10,/content/generated_inputs_trafficsigns_light2/light_Dangerous curve to the left_Wild animals crossing_Turn right ahead_124.png
65,59,6,5,60,54,10,/content/generated_inputs_trafficsigns_occl2/occl_No passing for vehicles over 3.5 metric tons_Speed limit_100 km-h_No passing for vehicles over 3.5 metric tons_124.png
65,59,6,5,60,54,10,/content/generated_inputs_trafficsigns_occl1/occl_No passing for vehicles over 3.5 metric tons_Speed limit_60 km-h_No passing for vehicles over 3.5 metric tons_124.png
65,59,6,5,60,54,10,/content/generated_inputs_trafficsigns_occl0/occl_Right-of-way at the next intersection_No passing for vehicles over 3.5 metric tons_Speed limit_120 km-h_124.png
65,59,6,5,60,54,10,/content/generated_inputs_trafficsigns_light0/light_Dangerous curve to the left_Wild animals crossing_Turn right ahead_124.png
55,54,6,5,50,49,10,/content/generated_inputs_trafficsigns_light1/light_Dangerous curve to the left_Wild animals crossing_Turn right ahead_125.png
55,54,6,5,50,49,10,/content/generated_inputs_trafficsigns_light2/light_Yield_Yield_Speed limit_50 km-h_125.png
55,54,6,5,50,49,10,/content/generated_inputs_trafficsigns_occl1/occl_No passing for vehicles over 3.5 metric tons_Right-of-way at the next intersection_No passing for vehicles over 3.5 metric tons_125.png
55,54,6,5,50,49,10,/content/generated_inputs_trafficsigns_occl0/occl_Keep left_No passing for vehicles over 3.5 metric tons_Wild animals crossing_125.png
55,54,6,5,50,49,10,/content/generated_inputs_trafficsigns_light0/light_Dangerous curve to the left_Wild animals crossing_Turn right ahead_125.png
39,36,5,5,33,30,10,/content/generated_inputs_trafficsigns_light1/light_Dangerous curve to the left_Wild animals crossing_Turn right ahead_126.png
39,36,5,5,33,30,10,/content/generated_inputs_trafficsigns_light2/light_Yield_Yield_Speed limit_50 km-h_126.png
39,36,5,5,33,30,10,/content/generated_inputs_trafficsigns_occl1/occl_No passing for vehicles over 3.5 metric tons_Speed limit_60 km-h_No passing for vehicles over 3.5 metric tons_126.png
39,36,5,5,33,30,10,/content/generated_inputs_trafficsigns_occl0/occl_Keep left_No passing for vehicles over 3.5 metric tons_Wild animals crossing_126.png
39,36,5,5,33,30,10,/content/generated_inputs_trafficsigns_light0/light_Dangerous curve to the left_Wild animals crossing_Turn right ahead_126.png
39,36,5,5,33,30,10,/content/generated_inputs_trafficsigns_blackout0/blackout_End of no passing_No passing for vehicles over 3.5 metric tons_No passing for vehicles over 3.5 metric tons_61.png
52,49,6,5,47,44,21,/content/generated_inputs_trafficsigns_light1/light_Yield_Yield_Speed limit_50 km-h_127.png
52,49,6,5,47,44,21,/content/generated_inputs_trafficsigns_light2/light_Yield_Yield_Speed limit_50 km-h_127.png
52,49,6,5,47,44,21,/content/generated_inputs_trafficsigns_occl2/occl_No passing for vehicles over 3.5 metric tons_General caution_No passing for vehicles over 3.5 metric tons_127.png
52,49,6,5,47,44,21,/content/generated_inputs_trafficsigns_occl1/occl_No passing for vehicles over 3.5 metric tons_Speed limit_60 km-h_No passing for vehicles over 3.5 metric tons_127.png
52,49,6,5,47,44,21,/content/generated_inputs_trafficsigns_occl0/occl_Keep left_Double curve_Wild animals crossing_127.png
52,49,6,5,47,44,21,/content/generated_inputs_trafficsigns_light0/light_Dangerous curve to the left_Wild animals crossing_Turn right ahead_127.png
29,29,5,6,24,24,8,/content/generated_inputs_trafficsigns_light1/light_Dangerous curve to the left_Wild animals crossing_Turn right ahead_128.png
29,29,5,6,24,24,8,/content/generated_inputs_trafficsigns_light2/light_Yield_Yield_Speed limit_50 km-h_128.png
29,29,5,6,24,24,8,/content/generated_inputs_trafficsigns_occl2/occl_No passing for vehicles over 3.5 metric tons_Speed limit_120 km-h_Speed limit_120 km-h_128.png
29,29,5,6,24,24,8,/content/generated_inputs_trafficsigns_occl1/occl_No passing for vehicles over 3.5 metric tons_Speed limit_60 km-h_No passing for vehicles over 3.5 metric tons_128.png
29,29,5,6,24,24,8,/content/generated_inputs_trafficsigns_occl0/occl_Wild animals crossing_Speed limit_120 km-h_Speed limit_120 km-h_128.png
29,29,5,6,24,24,8,/content/generated_inputs_trafficsigns_light0/light_Dangerous curve to the left_Wild animals crossing_Turn right ahead_128.png
29,29,5,6,24,24,8,/content/generated_inputs_trafficsigns_blackout0/blackout_Beware of ice-snow_Keep left_Beware of ice-snow_62.png
47,48,6,6,42,42,9,/content/generated_inputs_trafficsigns_light1/light_Dangerous curve to the left_Wild animals crossing_Turn right ahead_129.png
47,48,6,6,42,42,9,/content/generated_inputs_trafficsigns_light2/light_Yield_Yield_Speed limit_50 km-h_129.png
47,48,6,6,42,42,9,/content/generated_inputs_trafficsigns_occl2/occl_Vehicles over 3.5 metric tons prohibited_Turn left ahead_Speed limit_60 km-h_129.png
47,48,6,6,42,42,9,/content/generated_inputs_trafficsigns_occl1/occl_No passing for vehicles over 3.5 metric tons_Speed limit_60 km-h_Speed limit_60 km-h_129.png
47,48,6,6,42,42,9,/content/generated_inputs_trafficsigns_occl0/occl_End of no passing for vehicles over 3.5 metric tons_Speed limit_120 km-h_Speed limit_60 km-h_129.png
47,48,6,6,42,42,9,/content/generated_inputs_trafficsigns_light0/light_Dangerous curve to the left_Wild animals crossing_Turn right ahead_129.png
50,50,5,5,45,45,36,/content/generated_inputs_trafficsigns_light1/light_Yield_Yield_Speed limit_50 km-h_130.png
50,50,5,5,45,45,36,/content/generated_inputs_trafficsigns_light2/light_Dangerous curve to the left_Wild animals crossing_Turn right ahead_130.png
50,50,5,5,45,45,36,/content/generated_inputs_trafficsigns_occl2/occl_Speed limit_120 km-h_Go straight or right_Dangerous curve to the right_130.png
50,50,5,5,45,45,36,/content/generated_inputs_trafficsigns_occl1/occl_No passing for vehicles over 3.5 metric tons_Speed limit_60 km-h_No passing for vehicles over 3.5 metric tons_130.png
50,50,5,5,45,45,36,/content/generated_inputs_trafficsigns_occl0/occl_Go straight or right_Speed limit_120 km-h_Go straight or right_130.png
50,50,5,5,45,45,36,/content/generated_inputs_trafficsigns_light0/light_Dangerous curve to the left_Wild animals crossing_Turn right ahead_130.png
50,50,5,5,45,45,36,/content/generated_inputs_trafficsigns_blackout0/blackout_Yield_Yield_No passing for vehicles over 3.5 metric tons_63.png
47,94,6,9,42,86,38,/content/generated_inputs_trafficsigns_light1/light_Yield_Yield_Speed limit_50 km-h_131.png
47,94,6,9,42,86,38,/content/generated_inputs_trafficsigns_light2/light_Yield_Yield_Speed limit_50 km-h_131.png
47,94,6,9,42,86,38,/content/generated_inputs_trafficsigns_occl2/occl_No passing for vehicles over 3.5 metric tons_Keep right_Dangerous curve to the right_131.png
47,94,6,9,42,86,38,/content/generated_inputs_trafficsigns_occl1/occl_Speed limit_60 km-h_Go straight or right_Speed limit_60 km-h_131.png
47,94,6,9,42,86,38,/content/generated_inputs_trafficsigns_occl0/occl_Wild animals crossing_Road work_Yield_131.png
47,94,6,9,42,86,38,/content/generated_inputs_trafficsigns_light0/light_Dangerous curve to the left_Wild animals crossing_Turn right ahead_131.png
36,34,5,5,31,29,18,/content/generated_inputs_trafficsigns_light1/light_Dangerous curve to the left_Wild animals crossing_Turn right ahead_132.png
36,34,5,5,31,29,18,/content/generated_inputs_trafficsigns_light2/light_Yield_Yield_Speed limit_50 km-h_132.png
36,34,5,5,31,29,18,/content/generated_inputs_trafficsigns_occl2/occl_Speed limit_70 km-h_General caution_General caution_132.png
36,34,5,5,31,29,18,/content/generated_inputs_trafficsigns_occl1/occl_No passing for vehicles over 3.5 metric tons_Speed limit_100 km-h_General caution_132.png
36,34,5,5,31,29,18,/content/generated_inputs_trafficsigns_occl0/occl_Keep left_General caution_Wild animals crossing_132.png
36,34,5,5,31,29,18,/content/generated_inputs_trafficsigns_light0/light_Dangerous curve to the left_Wild animals crossing_Turn right ahead_132.png
36,34,5,5,31,29,18,/content/generated_inputs_trafficsigns_blackout0/blackout_No passing for vehicles over 3.5 metric tons_Speed limit_120 km-h_No passing for vehicles over 3.5 metric tons_64.png
59,70,5,7,54,64,1,/content/generated_inputs_trafficsigns_light1/light_Yield_Yield_Speed limit_50 km-h_133.png
59,70,5,7,54,64,1,/content/generated_inputs_trafficsigns_light2/light_Yield_Yield_Speed limit_50 km-h_133.png
59,70,5,7,54,64,1,/content/generated_inputs_trafficsigns_occl2/occl_No passing for vehicles over 3.5 metric tons_Speed limit_60 km-h_Traffic signals_133.png
59,70,5,7,54,64,1,/content/generated_inputs_trafficsigns_occl1/occl_No entry_Go straight or right_Dangerous curve to the right_133.png
59,70,5,7,54,64,1,/content/generated_inputs_trafficsigns_occl0/occl_Speed limit_70 km-h_Speed limit_30 km-h_Speed limit_30 km-h_133.png
59,70,5,7,54,64,1,/content/generated_inputs_trafficsigns_light0/light_Dangerous curve to the left_Wild animals crossing_Turn right ahead_133.png
43,47,6,6,38,42,35,/content/generated_inputs_trafficsigns_light1/light_Yield_Yield_Speed limit_50 km-h_134.png
43,47,6,6,38,42,35,/content/generated_inputs_trafficsigns_light2/light_Yield_Yield_Speed limit_50 km-h_134.png
43,47,6,6,38,42,35,/content/generated_inputs_trafficsigns_occl2/occl_No passing for vehicles over 3.5 metric tons_Go straight or right_Dangerous curve to the right_134.png
43,47,6,6,38,42,35,/content/generated_inputs_trafficsigns_occl1/occl_No passing for vehicles over 3.5 metric tons_Speed limit_60 km-h_No passing for vehicles over 3.5 metric tons_134.png
43,47,6,6,38,42,35,/content/generated_inputs_trafficsigns_occl0/occl_Turn left ahead_Ahead only_Wild animals crossing_134.png
43,47,6,6,38,42,35,/content/generated_inputs_trafficsigns_light0/light_Yield_Yield_Speed limit_50 km-h_134.png
54,54,5,5,49,49,6,/content/generated_inputs_trafficsigns_light1/light_Dangerous curve to the left_Wild animals crossing_Turn right ahead_135.png
54,54,5,5,49,49,6,/content/generated_inputs_trafficsigns_light2/light_Dangerous curve to the left_Wild animals crossing_Turn right ahead_135.png
54,54,5,5,49,49,6,/content/generated_inputs_trafficsigns_occl2/occl_No passing for vehicles over 3.5 metric tons_Speed limit_100 km-h_No passing for vehicles over 3.5 metric tons_135.png
54,54,5,5,49,49,6,/content/generated_inputs_trafficsigns_occl1/occl_No passing for vehicles over 3.5 metric tons_Right-of-way at the next intersection_No passing for vehicles over 3.5 metric tons_135.png
54,54,5,5,49,49,6,/content/generated_inputs_trafficsigns_occl0/occl_Turn left ahead_End of no passing_Wild animals crossing_135.png
54,54,5,5,49,49,6,/content/generated_inputs_trafficsigns_light0/light_Dangerous curve to the left_Wild animals crossing_Turn right ahead_135.png
52,53,5,6,47,48,5,/content/generated_inputs_trafficsigns_light1/light_Dangerous curve to the left_Wild animals crossing_Turn right ahead_136.png
52,53,5,6,47,48,5,/content/generated_inputs_trafficsigns_light2/light_Yield_Yield_Speed limit_50 km-h_136.png
52,53,5,6,47,48,5,/content/generated_inputs_trafficsigns_occl2/occl_Speed limit_30 km-h_Speed limit_80 km-h_General caution_136.png
52,53,5,6,47,48,5,/content/generated_inputs_trafficsigns_occl1/occl_No passing for vehicles over 3.5 metric tons_Speed limit_120 km-h_No passing for vehicles over 3.5 metric tons_136.png
52,53,5,6,47,48,5,/content/generated_inputs_trafficsigns_occl0/occl_End of no passing_Speed limit_120 km-h_Speed limit_120 km-h_136.png
52,53,5,6,47,48,5,/content/generated_inputs_trafficsigns_light0/light_Dangerous curve to the left_Wild animals crossing_Turn right ahead_136.png
56,55,5,5,50,50,38,/content/generated_inputs_trafficsigns_light1/light_Yield_Yield_Speed limit_50 km-h_137.png
56,55,5,5,50,50,38,/content/generated_inputs_trafficsigns_light2/light_Dangerous curve to the left_Wild animals crossing_Turn right ahead_137.png
56,55,5,5,50,50,38,/content/generated_inputs_trafficsigns_occl2/occl_Stop_Keep right_Speed limit_60 km-h_137.png
56,55,5,5,50,50,38,/content/generated_inputs_trafficsigns_occl1/occl_No passing for vehicles over 3.5 metric tons_Speed limit_120 km-h_Speed limit_60 km-h_137.png
56,55,5,5,50,50,38,/content/generated_inputs_trafficsigns_occl0/occl_Turn left ahead_Speed limit_120 km-h_Speed limit_120 km-h_137.png
56,55,5,5,50,50,38,/content/generated_inputs_trafficsigns_light0/light_Dangerous curve to the left_Wild animals crossing_Turn right ahead_137.png
39,37,5,6,34,32,13,/content/generated_inputs_trafficsigns_light1/light_Dangerous curve to the left_Wild animals crossing_Turn right ahead_138.png
39,37,5,6,34,32,13,/content/generated_inputs_trafficsigns_light2/light_Yield_Yield_Speed limit_50 km-h_138.png
39,37,5,6,34,32,13,/content/generated_inputs_trafficsigns_occl2/occl_Keep right_Keep right_Speed limit_60 km-h_138.png
39,37,5,6,34,32,13,/content/generated_inputs_trafficsigns_occl1/occl_No passing for vehicles over 3.5 metric tons_Speed limit_100 km-h_Speed limit_60 km-h_138.png
39,37,5,6,34,32,13,/content/generated_inputs_trafficsigns_occl0/occl_Children crossing_Yield_Yield_138.png
39,37,5,6,34,32,13,/content/generated_inputs_trafficsigns_light0/light_Dangerous curve to the left_Wild animals crossing_Turn right ahead_138.png
39,37,5,6,34,32,13,/content/generated_inputs_trafficsigns_blackout0/blackout_End of no passing_Yield_Yield_382.png
42,45,5,6,37,40,10,/content/generated_inputs_trafficsigns_light1/light_Dangerous curve to the left_Wild animals crossing_Turn right ahead_140.png
42,45,5,6,37,40,10,/content/generated_inputs_trafficsigns_light2/light_Yield_Yield_Speed limit_50 km-h_140.png
42,45,5,6,37,40,10,/content/generated_inputs_trafficsigns_occl2/occl_No passing for vehicles over 3.5 metric tons_No passing for vehicles over 3.5 metric tons_Speed limit_60 km-h_140.png
42,45,5,6,37,40,10,/content/generated_inputs_trafficsigns_occl1/occl_No passing for vehicles over 3.5 metric tons_Right-of-way at the next intersection_No passing for vehicles over 3.5 metric tons_140.png
42,45,5,6,37,40,10,/content/generated_inputs_trafficsigns_occl0/occl_Keep left_No passing for vehicles over 3.5 metric tons_Wild animals crossing_140.png
42,45,5,6,37,40,10,/content/generated_inputs_trafficsigns_light0/light_Dangerous curve to the left_Wild animals crossing_Turn right ahead_140.png
42,45,5,6,37,40,10,/content/generated_inputs_trafficsigns_blackout0/blackout_Dangerous curve to the right_Children crossing_Children crossing_68.png
47,52,6,5,42,47,1,/content/generated_inputs_trafficsigns_light1/light_Yield_Yield_Speed limit_50 km-h_141.png
47,52,6,5,42,47,1,/content/generated_inputs_trafficsigns_light2/light_Yield_Yield_Speed limit_50 km-h_141.png
47,52,6,5,42,47,1,/content/generated_inputs_trafficsigns_occl2/occl_Speed limit_30 km-h_Speed limit_30 km-h_General caution_141.png
47,52,6,5,42,47,1,/content/generated_inputs_trafficsigns_occl1/occl_Speed limit_30 km-h_Speed limit_120 km-h_Speed limit_120 km-h_141.png
47,52,6,5,42,47,1,/content/generated_inputs_trafficsigns_occl0/occl_Keep left_Speed limit_120 km-h_Speed limit_30 km-h_141.png
47,52,6,5,42,47,1,/content/generated_inputs_trafficsigns_light0/light_Dangerous curve to the left_Wild animals crossing_Turn right ahead_141.png
49,48,6,6,44,43,8,/content/generated_inputs_trafficsigns_light1/light_Dangerous curve to the left_Wild animals crossing_Turn right ahead_142.png
49,48,6,6,44,43,8,/content/generated_inputs_trafficsigns_light2/light_Yield_Yield_Speed limit_50 km-h_142.png
49,48,6,6,44,43,8,/content/generated_inputs_trafficsigns_occl2/occl_No passing for vehicles over 3.5 metric tons_Speed limit_120 km-h_Speed limit_120 km-h_142.png
49,48,6,6,44,43,8,/content/generated_inputs_trafficsigns_occl1/occl_No passing for vehicles over 3.5 metric tons_Keep right_Speed limit_60 km-h_142.png
49,48,6,6,44,43,8,/content/generated_inputs_trafficsigns_occl0/occl_No vehicles_Speed limit_120 km-h_Speed limit_120 km-h_142.png
49,48,6,6,44,43,8,/content/generated_inputs_trafficsigns_light0/light_Dangerous curve to the left_Wild animals crossing_Turn right ahead_142.png
49,48,6,6,44,43,8,/content/generated_inputs_trafficsigns_blackout0/blackout_No passing_Speed limit_60 km-h_No passing for vehicles over 3.5 metric tons_69.png
104,92,9,9,95,84,13,/content/generated_inputs_trafficsigns_light1/light_Dangerous curve to the left_Wild animals crossing_Turn right ahead_143.png
104,92,9,9,95,84,13,/content/generated_inputs_trafficsigns_light2/light_Yield_Yield_Speed limit_50 km-h_143.png
104,92,9,9,95,84,13,/content/generated_inputs_trafficsigns_occl2/occl_Stop_Keep right_Speed limit_60 km-h_143.png
104,92,9,9,95,84,13,/content/generated_inputs_trafficsigns_occl1/occl_No passing for vehicles over 3.5 metric tons_Go straight or right_Speed limit_60 km-h_143.png
104,92,9,9,95,84,13,/content/generated_inputs_trafficsigns_occl0/occl_Turn left ahead_Yield_Yield_143.png
104,92,9,9,95,84,13,/content/generated_inputs_trafficsigns_light0/light_Dangerous curve to the left_Wild animals crossing_Turn right ahead_143.png
36,37,5,6,31,32,18,/content/generated_inputs_trafficsigns_light1/light_Yield_Yield_Speed limit_50 km-h_146.png
36,37,5,6,31,32,18,/content/generated_inputs_trafficsigns_light2/light_Yield_Yield_Speed limit_50 km-h_146.png
36,37,5,6,31,32,18,/content/generated_inputs_trafficsigns_occl2/occl_Speed limit_70 km-h_General caution_Dangerous curve to the right_146.png
36,37,5,6,31,32,18,/content/generated_inputs_trafficsigns_occl1/occl_No passing for vehicles over 3.5 metric tons_Speed limit_60 km-h_General caution_146.png
36,37,5,6,31,32,18,/content/generated_inputs_trafficsigns_occl0/occl_Road work_Speed limit_120 km-h_Speed limit_120 km-h_146.png
36,37,5,6,31,32,18,/content/generated_inputs_trafficsigns_light0/light_Dangerous curve to the left_Wild animals crossing_Turn right ahead_146.png
37,38,5,6,32,33,8,/content/generated_inputs_trafficsigns_light1/light_Dangerous curve to the left_Wild animals crossing_Turn right ahead_148.png
37,38,5,6,32,33,8,/content/generated_inputs_trafficsigns_light2/light_Yield_Yield_Speed limit_50 km-h_148.png
37,38,5,6,32,33,8,/content/generated_inputs_trafficsigns_occl2/occl_No passing for vehicles over 3.5 metric tons_Speed limit_120 km-h_No passing for vehicles over 3.5 metric tons_148.png
37,38,5,6,32,33,8,/content/generated_inputs_trafficsigns_occl1/occl_No passing for vehicles over 3.5 metric tons_Keep right_No passing for vehicles over 3.5 metric tons_148.png
37,38,5,6,32,33,8,/content/generated_inputs_trafficsigns_occl0/occl_Wild animals crossing_Speed limit_120 km-h_Speed limit_120 km-h_148.png
37,38,5,6,32,33,8,/content/generated_inputs_trafficsigns_light0/light_Dangerous curve to the left_Wild animals crossing_Turn right ahead_148.png
37,38,5,6,32,33,8,/content/generated_inputs_trafficsigns_blackout0/blackout_Speed limit_120 km-h_Priority road_Speed limit_70 km-h_71.png
62,64,5,6,57,59,16,/content/generated_inputs_trafficsigns_light1/light_Dangerous curve to the left_Wild animals crossing_Turn right ahead_149.png
62,64,5,6,57,59,16,/content/generated_inputs_trafficsigns_light2/light_Dangerous curve to the left_Wild animals crossing_Turn right ahead_149.png
62,64,5,6,57,59,16,/content/generated_inputs_trafficsigns_occl2/occl_Vehicles over 3.5 metric tons prohibited_Turn left ahead_Speed limit_60 km-h_149.png
62,64,5,6,57,59,16,/content/generated_inputs_trafficsigns_occl1/occl_Vehicles over 3.5 metric tons prohibited_Turn left ahead_Dangerous curve to the right_149.png
62,64,5,6,57,59,16,/content/generated_inputs_trafficsigns_occl0/occl_Turn left ahead_Vehicles over 3.5 metric tons prohibited_Speed limit_20 km-h_149.png
62,64,5,6,57,59,16,/content/generated_inputs_trafficsigns_light0/light_Dangerous curve to the left_Wild animals crossing_Turn right ahead_149.png
40,39,6,5,35,34,10,/content/generated_inputs_trafficsigns_light1/light_Dangerous curve to the left_Wild animals crossing_Turn right ahead_150.png
40,39,6,5,35,34,10,/content/generated_inputs_trafficsigns_light2/light_Yield_Yield_Speed limit_50 km-h_150.png
40,39,6,5,35,34,10,/content/generated_inputs_trafficsigns_occl1/occl_No passing for vehicles over 3.5 metric tons_Speed limit_60 km-h_No passing for vehicles over 3.5 metric tons_150.png
40,39,6,5,35,34,10,/content/generated_inputs_trafficsigns_occl0/occl_Wild animals crossing_No passing for vehicles over 3.5 metric tons_Wild animals crossing_150.png
40,39,6,5,35,34,10,/content/generated_inputs_trafficsigns_light0/light_Dangerous curve to the left_Wild animals crossing_Turn right ahead_150.png
59,68,5,6,54,62,25,/content/generated_inputs_trafficsigns_light1/light_Dangerous curve to the left_Wild animals crossing_Turn right ahead_152.png
59,68,5,6,54,62,25,/content/generated_inputs_trafficsigns_light2/light_Yield_Yield_Speed limit_50 km-h_152.png
59,68,5,6,54,62,25,/content/generated_inputs_trafficsigns_occl2/occl_Stop_Keep right_Road work_152.png
59,68,5,6,54,62,25,/content/generated_inputs_trafficsigns_occl1/occl_No passing for vehicles over 3.5 metric tons_Speed limit_120 km-h_No passing for vehicles over 3.5 metric tons_152.png
59,68,5,6,54,62,25,/content/generated_inputs_trafficsigns_occl0/occl_Wild animals crossing_Road work_Road work_152.png
59,68,5,6,54,62,25,/content/generated_inputs_trafficsigns_light0/light_Dangerous curve to the left_Wild animals crossing_Turn right ahead_152.png
36,38,5,5,31,33,5,/content/generated_inputs_trafficsigns_light1/light_Dangerous curve to the left_Wild animals crossing_Turn right ahead_154.png
36,38,5,5,31,33,5,/content/generated_inputs_trafficsigns_light2/light_Yield_Yield_Speed limit_50 km-h_154.png
36,38,5,5,31,33,5,/content/generated_inputs_trafficsigns_occl2/occl_No passing for vehicles over 3.5 metric tons_Speed limit_80 km-h_General caution_154.png
36,38,5,5,31,33,5,/content/generated_inputs_trafficsigns_occl1/occl_Speed limit_60 km-h_Turn left ahead_Speed limit_60 km-h_154.png
36,38,5,5,31,33,5,/content/generated_inputs_trafficsigns_occl0/occl_Speed limit_80 km-h_Speed limit_120 km-h_Speed limit_120 km-h_154.png
36,38,5,5,31,33,5,/content/generated_inputs_trafficsigns_light0/light_Dangerous curve to the left_Wild animals crossing_Turn right ahead_154.png
38,39,5,5,32,34,17,/content/generated_inputs_trafficsigns_light1/light_Dangerous curve to the left_Wild animals crossing_Turn right ahead_155.png
38,39,5,5,32,34,17,/content/generated_inputs_trafficsigns_light2/light_Yield_Yield_Speed limit_50 km-h_155.png
38,39,5,5,32,34,17,/content/generated_inputs_trafficsigns_occl2/occl_No entry_No passing for vehicles over 3.5 metric tons_Stop_155.png
38,39,5,5,32,34,17,/content/generated_inputs_trafficsigns_occl1/occl_No entry_General caution_No entry_155.png
38,39,5,5,32,34,17,/content/generated_inputs_trafficsigns_occl0/occl_Right-of-way at the next intersection_No entry_No entry_155.png
38,39,5,5,32,34,17,/content/generated_inputs_trafficsigns_light0/light_Dangerous curve to the left_Wild animals crossing_Turn right ahead_155.png
33,34,5,5,28,29,9,/content/generated_inputs_trafficsigns_light1/light_Dangerous curve to the left_Wild animals crossing_Turn right ahead_157.png
33,34,5,5,28,29,9,/content/generated_inputs_trafficsigns_light2/light_Yield_Yield_Speed limit_50 km-h_157.png
33,34,5,5,28,29,9,/content/generated_inputs_trafficsigns_occl2/occl_Speed limit_60 km-h_Turn left ahead_Speed limit_60 km-h_157.png
33,34,5,5,28,29,9,/content/generated_inputs_trafficsigns_occl1/occl_No passing_Keep right_Speed limit_60 km-h_157.png
33,34,5,5,28,29,9,/content/generated_inputs_trafficsigns_occl0/occl_Keep left_Speed limit_120 km-h_Speed limit_120 km-h_157.png
33,34,5,5,28,29,9,/content/generated_inputs_trafficsigns_light0/light_Dangerous curve to the left_Wild animals crossing_Turn right ahead_157.png
41,38,5,5,36,33,13,/content/generated_inputs_trafficsigns_light1/light_Yield_Yield_Speed limit_50 km-h_158.png
41,38,5,5,36,33,13,/content/generated_inputs_trafficsigns_light2/light_Dangerous curve to the left_Wild animals crossing_Turn right ahead_158.png
41,38,5,5,36,33,13,/content/generated_inputs_trafficsigns_occl2/occl_No passing for vehicles over 3.5 metric tons_Keep right_Speed limit_60 km-h_158.png
41,38,5,5,36,33,13,/content/generated_inputs_trafficsigns_occl1/occl_No passing for vehicles over 3.5 metric tons_Speed limit_100 km-h_Speed limit_60 km-h_158.png
41,38,5,5,36,33,13,/content/generated_inputs_trafficsigns_occl0/occl_Turn left ahead_Yield_Yield_158.png
41,38,5,5,36,33,13,/content/generated_inputs_trafficsigns_light0/light_Dangerous curve to the left_Wild animals crossing_Turn right ahead_158.png
39,40,5,6,34,35,2,/content/generated_inputs_trafficsigns_light1/light_Yield_Yield_Speed limit_50 km-h_159.png
39,40,5,6,34,35,2,/content/generated_inputs_trafficsigns_light2/light_Yield_Yield_Speed limit_50 km-h_159.png
39,40,5,6,34,35,2,/content/generated_inputs_trafficsigns_occl2/occl_No passing for vehicles over 3.5 metric tons_Go straight or right_Speed limit_60 km-h_159.png
39,40,5,6,34,35,2,/content/generated_inputs_trafficsigns_occl1/occl_No passing for vehicles over 3.5 metric tons_General caution_No passing for vehicles over 3.5 metric tons_159.png
39,40,5,6,34,35,2,/content/generated_inputs_trafficsigns_occl0/occl_Keep left_Speed limit_120 km-h_Speed limit_30 km-h_159.png
39,40,5,6,34,35,2,/content/generated_inputs_trafficsigns_light0/light_Dangerous curve to the left_Wild animals crossing_Turn right ahead_159.png
48,48,6,6,43,43,10,/content/generated_inputs_trafficsigns_light1/light_Dangerous curve to the left_Wild animals crossing_Turn right ahead_160.png
48,48,6,6,43,43,10,/content/generated_inputs_trafficsigns_light2/light_Yield_Yield_Speed limit_50 km-h_160.png
48,48,6,6,43,43,10,/content/generated_inputs_trafficsigns_occl1/occl_No passing for vehicles over 3.5 metric tons_Speed limit_60 km-h_No passing for vehicles over 3.5 metric tons_160.png
48,48,6,6,43,43,10,/content/generated_inputs_trafficsigns_occl0/occl_End of no passing for vehicles over 3.5 metric tons_No passing for vehicles over 3.5 metric tons_Speed limit_120 km-h_160.png
48,48,6,6,43,43,10,/content/generated_inputs_trafficsigns_light0/light_Dangerous curve to the left_Wild animals crossing_Turn right ahead_160.png
27,29,5,5,22,24,33,/content/generated_inputs_trafficsigns_light1/light_Yield_Yield_Speed limit_50 km-h_161.png
27,29,5,5,22,24,33,/content/generated_inputs_trafficsigns_light2/light_Dangerous curve to the left_Wild animals crossing_Turn right ahead_161.png
27,29,5,5,22,24,33,/content/generated_inputs_trafficsigns_occl2/occl_Right-of-way at the next intersection_Go straight or right_Dangerous curve to the right_161.png
27,29,5,5,22,24,33,/content/generated_inputs_trafficsigns_occl1/occl_Speed limit_60 km-h_Turn left ahead_Speed limit_60 km-h_161.png
27,29,5,5,22,24,33,/content/generated_inputs_trafficsigns_occl0/occl_Keep left_Turn right ahead_Turn right ahead_161.png
27,29,5,5,22,24,33,/content/generated_inputs_trafficsigns_light0/light_Dangerous curve to the left_Wild animals crossing_Turn right ahead_161.png
61,49,6,6,55,44,10,/content/generated_inputs_trafficsigns_light1/light_Dangerous curve to the left_Wild animals crossing_Turn right ahead_162.png
61,49,6,6,55,44,10,/content/generated_inputs_trafficsigns_light2/light_Yield_Yield_Speed limit_50 km-h_162.png
61,49,6,6,55,44,10,/content/generated_inputs_trafficsigns_occl1/occl_No passing for vehicles over 3.5 metric tons_Speed limit_60 km-h_No passing for vehicles over 3.5 metric tons_162.png
61,49,6,6,55,44,10,/content/generated_inputs_trafficsigns_occl0/occl_Keep left_No passing for vehicles over 3.5 metric tons_Speed limit_100 km-h_162.png
61,49,6,6,55,44,10,/content/generated_inputs_trafficsigns_light0/light_Dangerous curve to the left_Wild animals crossing_Turn right ahead_162.png
41,41,6,6,36,36,3,/content/generated_inputs_trafficsigns_light1/light_Dangerous curve to the left_Wild animals crossing_Turn right ahead_163.png
41,41,6,6,36,36,3,/content/generated_inputs_trafficsigns_light2/light_Yield_Yield_Speed limit_50 km-h_163.png
41,41,6,6,36,36,3,/content/generated_inputs_trafficsigns_occl2/occl_No passing for vehicles over 3.5 metric tons_Speed limit_60 km-h_Speed limit_60 km-h_163.png
41,41,6,6,36,36,3,/content/generated_inputs_trafficsigns_occl1/occl_Speed limit_60 km-h_Turn left ahead_Dangerous curve to the right_163.png
41,41,6,6,36,36,3,/content/generated_inputs_trafficsigns_occl0/occl_Speed limit_30 km-h_Speed limit_60 km-h_Speed limit_60 km-h_163.png
41,41,6,6,36,36,3,/content/generated_inputs_trafficsigns_light0/light_Dangerous curve to the left_Wild animals crossing_Turn right ahead_163.png
41,41,6,6,36,36,3,/content/generated_inputs_trafficsigns_blackout0/blackout_Keep left_Speed limit_60 km-h_Speed limit_50 km-h_81.png
57,58,5,5,52,53,2,/content/generated_inputs_trafficsigns_light1/light_Dangerous curve to the left_Wild animals crossing_Turn right ahead_165.png
57,58,5,5,52,53,2,/content/generated_inputs_trafficsigns_light2/light_Yield_Yield_Speed limit_50 km-h_165.png
57,58,5,5,52,53,2,/content/generated_inputs_trafficsigns_occl2/occl_No passing for vehicles over 3.5 metric tons_Go straight or right_Dangerous curve to the left_165.png
57,58,5,5,52,53,2,/content/generated_inputs_trafficsigns_occl1/occl_No passing for vehicles over 3.5 metric tons_General caution_No passing for vehicles over 3.5 metric tons_165.png
57,58,5,5,52,53,2,/content/generated_inputs_trafficsigns_occl0/occl_Keep left_Speed limit_50 km-h_Speed limit_20 km-h_165.png
57,58,5,5,52,53,2,/content/generated_inputs_trafficsigns_light0/light_Dangerous curve to the left_Wild animals crossing_Turn right ahead_165.png
53,47,6,5,47,42,13,/content/generated_inputs_trafficsigns_light1/light_Dangerous curve to the left_Wild animals crossing_Turn right ahead_168.png
53,47,6,5,47,42,13,/content/generated_inputs_trafficsigns_light2/light_Yield_Yield_Speed limit_50 km-h_168.png
53,47,6,5,47,42,13,/content/generated_inputs_trafficsigns_occl2/occl_Keep right_Yield_Speed limit_60 km-h_168.png
53,47,6,5,47,42,13,/content/generated_inputs_trafficsigns_occl1/occl_No passing for vehicles over 3.5 metric tons_Slippery road_Speed limit_60 km-h_168.png
53,47,6,5,47,42,13,/content/generated_inputs_trafficsigns_occl0/occl_Wild animals crossing_Yield_Yield_168.png
53,47,6,5,47,42,13,/content/generated_inputs_trafficsigns_light0/light_Dangerous curve to the left_Wild animals crossing_Turn right ahead_168.png
34,36,5,5,29,31,38,/content/generated_inputs_trafficsigns_light1/light_Yield_Yield_Speed limit_50 km-h_170.png
34,36,5,5,29,31,38,/content/generated_inputs_trafficsigns_light2/light_Dangerous curve to the left_Wild animals crossing_Turn right ahead_170.png
34,36,5,5,29,31,38,/content/generated_inputs_trafficsigns_occl2/occl_Stop_Keep right_Speed limit_60 km-h_170.png
34,36,5,5,29,31,38,/content/generated_inputs_trafficsigns_occl1/occl_No passing for vehicles over 3.5 metric tons_Speed limit_120 km-h_Speed limit_120 km-h_170.png
34,36,5,5,29,31,38,/content/generated_inputs_trafficsigns_occl0/occl_Turn left ahead_Keep right_Keep right_170.png
34,36,5,5,29,31,38,/content/generated_inputs_trafficsigns_light0/light_Dangerous curve to the left_Wild animals crossing_Turn right ahead_170.png
44,43,5,5,38,37,37,/content/generated_inputs_trafficsigns_light1/light_Yield_Yield_Speed limit_50 km-h_171.png
44,43,5,5,38,37,37,/content/generated_inputs_trafficsigns_light2/light_Dangerous curve to the left_Wild animals crossing_Turn right ahead_171.png
44,43,5,5,38,37,37,/content/generated_inputs_trafficsigns_occl2/occl_No passing for vehicles over 3.5 metric tons_No passing for vehicles over 3.5 metric tons_General caution_171.png
44,43,5,5,38,37,37,/content/generated_inputs_trafficsigns_occl1/occl_Stop_Turn left ahead_Speed limit_60 km-h_171.png
44,43,5,5,38,37,37,/content/generated_inputs_trafficsigns_occl0/occl_Ahead only_Speed limit_120 km-h_Yield_171.png
44,43,5,5,38,37,37,/content/generated_inputs_trafficsigns_light0/light_Dangerous curve to the left_Wild animals crossing_Turn right ahead_171.png
44,43,5,5,38,37,37,/content/generated_inputs_trafficsigns_blackout0/blackout_Priority road_Right-of-way at the next intersection_End of speed limit_80 km-h_84.png
27,27,5,5,22,22,17,/content/generated_inputs_trafficsigns_light1/light_Dangerous curve to the left_Wild animals crossing_Turn right ahead_172.png
27,27,5,5,22,22,17,/content/generated_inputs_trafficsigns_light2/light_Yield_Yield_Speed limit_50 km-h_172.png
27,27,5,5,22,22,17,/content/generated_inputs_trafficsigns_occl2/occl_No entry_No passing for vehicles over 3.5 metric tons_No entry_172.png
27,27,5,5,22,22,17,/content/generated_inputs_trafficsigns_occl1/occl_No entry_No passing for vehicles over 3.5 metric tons_No entry_172.png
27,27,5,5,22,22,17,/content/generated_inputs_trafficsigns_occl0/occl_Wild animals crossing_No entry_No entry_172.png
27,27,5,5,22,22,17,/content/generated_inputs_trafficsigns_light0/light_Dangerous curve to the left_Wild animals crossing_Turn right ahead_172.png
39,39,5,6,34,34,33,/content/generated_inputs_trafficsigns_light1/light_Dangerous curve to the left_Wild animals crossing_Turn right ahead_174.png
39,39,5,6,34,34,33,/content/generated_inputs_trafficsigns_light2/light_Dangerous curve to the left_Wild animals crossing_Turn right ahead_174.png
39,39,5,6,34,34,33,/content/generated_inputs_trafficsigns_occl2/occl_No passing for vehicles over 3.5 metric tons_Go straight or right_Dangerous curve to the right_174.png
39,39,5,6,34,34,33,/content/generated_inputs_trafficsigns_occl1/occl_No passing for vehicles over 3.5 metric tons_Speed limit_60 km-h_General caution_174.png
39,39,5,6,34,34,33,/content/generated_inputs_trafficsigns_occl0/occl_Right-of-way at the next intersection_Turn right ahead_Yield_174.png
39,39,5,6,34,34,33,/content/generated_inputs_trafficsigns_light0/light_Dangerous curve to the left_Wild animals crossing_Turn right ahead_174.png
39,39,5,6,34,34,33,/content/generated_inputs_trafficsigns_blackout0/blackout_Speed limit_70 km-h_General caution_Speed limit_70 km-h_86.png
34,38,6,5,29,33,12,/content/generated_inputs_trafficsigns_light1/light_Yield_Yield_Speed limit_50 km-h_175.png
34,38,6,5,29,33,12,/content/generated_inputs_trafficsigns_light2/light_Yield_Yield_Speed limit_50 km-h_175.png
34,38,6,5,29,33,12,/content/generated_inputs_trafficsigns_occl2/occl_Speed limit_60 km-h_Turn left ahead_Speed limit_60 km-h_175.png
34,38,6,5,29,33,12,/content/generated_inputs_trafficsigns_occl1/occl_No passing for vehicles over 3.5 metric tons_Keep right_No passing for vehicles over 3.5 metric tons_175.png
34,38,6,5,29,33,12,/content/generated_inputs_trafficsigns_occl0/occl_Keep left_Priority road_Wild animals crossing_175.png
34,38,6,5,29,33,12,/content/generated_inputs_trafficsigns_light0/light_Dangerous curve to the left_Wild animals crossing_Turn right ahead_175.png
83,72,8,6,75,66,23,/content/generated_inputs_trafficsigns_light1/light_Dangerous curve to the left_Wild animals crossing_Turn right ahead_176.png
83,72,8,6,75,66,23,/content/generated_inputs_trafficsigns_light2/light_Dangerous curve to the left_Wild animals crossing_Turn right ahead_176.png
83,72,8,6,75,66,23,/content/generated_inputs_trafficsigns_occl2/occl_No passing for vehicles over 3.5 metric tons_Speed limit_60 km-h_Beware of ice-snow_176.png
83,72,8,6,75,66,23,/content/generated_inputs_trafficsigns_occl1/occl_No passing for vehicles over 3.5 metric tons_Speed limit_120 km-h_No passing for vehicles over 3.5 metric tons_176.png
83,72,8,6,75,66,23,/content/generated_inputs_trafficsigns_occl0/occl_Slippery road_Slippery road_Wild animals crossing_176.png
83,72,8,6,75,66,23,/content/generated_inputs_trafficsigns_light0/light_Dangerous curve to the left_Wild animals crossing_Turn right ahead_176.png
48,48,6,6,42,42,35,/content/generated_inputs_trafficsigns_light1/light_Dangerous curve to the left_Wild animals crossing_Turn right ahead_178.png
48,48,6,6,42,42,35,/content/generated_inputs_trafficsigns_light2/light_Yield_Yield_Speed limit_50 km-h_178.png
48,48,6,6,42,42,35,/content/generated_inputs_trafficsigns_occl2/occl_No passing for vehicles over 3.5 metric tons_Go straight or right_Dangerous curve to the right_178.png
48,48,6,6,42,42,35,/content/generated_inputs_trafficsigns_occl1/occl_No passing for vehicles over 3.5 metric tons_Speed limit_60 km-h_No passing for vehicles over 3.5 metric tons_178.png
48,48,6,6,42,42,35,/content/generated_inputs_trafficsigns_occl0/occl_Turn left ahead_Ahead only_Wild animals crossing_178.png
48,48,6,6,42,42,35,/content/generated_inputs_trafficsigns_light0/light_Yield_Yield_Speed limit_50 km-h_178.png
49,44,6,5,44,39,38,/content/generated_inputs_trafficsigns_light1/light_Yield_Yield_Speed limit_50 km-h_180.png
49,44,6,5,44,39,38,/content/generated_inputs_trafficsigns_light2/light_Dangerous curve to the left_Wild animals crossing_Turn right ahead_180.png
49,44,6,5,44,39,38,/content/generated_inputs_trafficsigns_occl2/occl_Stop_Keep right_Speed limit_60 km-h_180.png
49,44,6,5,44,39,38,/content/generated_inputs_trafficsigns_occl1/occl_No passing for vehicles over 3.5 metric tons_Speed limit_120 km-h_Speed limit_120 km-h_180.png
49,44,6,5,44,39,38,/content/generated_inputs_trafficsigns_occl0/occl_Turn left ahead_Keep right_Keep right_180.png
49,44,6,5,44,39,38,/content/generated_inputs_trafficsigns_light0/light_Dangerous curve to the left_Wild animals crossing_Turn right ahead_180.png
49,44,6,5,44,39,38,/content/generated_inputs_trafficsigns_blackout0/blackout_Keep left_Keep right_Keep right_87.png
26,35,5,6,21,29,38,/content/generated_inputs_trafficsigns_light1/light_Dangerous curve to the left_Wild animals crossing_Turn right ahead_181.png
26,35,5,6,21,29,38,/content/generated_inputs_trafficsigns_light2/light_Dangerous curve to the left_Wild animals crossing_Turn right ahead_181.png
26,35,5,6,21,29,38,/content/generated_inputs_trafficsigns_occl2/occl_No passing for vehicles over 3.5 metric tons_Keep right_Dangerous curve to the right_181.png
26,35,5,6,21,29,38,/content/generated_inputs_trafficsigns_occl1/occl_No passing for vehicles over 3.5 metric tons_Speed limit_120 km-h_Speed limit_60 km-h_181.png
26,35,5,6,21,29,38,/content/generated_inputs_trafficsigns_occl0/occl_Turn left ahead_Yield_Speed limit_120 km-h_181.png
26,35,5,6,21,29,38,/content/generated_inputs_trafficsigns_light0/light_Dangerous curve to the left_Wild animals crossing_Turn right ahead_181.png
26,26,5,5,21,21,10,/content/generated_inputs_trafficsigns_light1/light_Dangerous curve to the left_Wild animals crossing_Turn right ahead_182.png
26,26,5,5,21,21,10,/content/generated_inputs_trafficsigns_light2/light_Yield_Yield_Speed limit_50 km-h_182.png
26,26,5,5,21,21,10,/content/generated_inputs_trafficsigns_occl1/occl_No passing for vehicles over 3.5 metric tons_Right-of-way at the next intersection_No passing for vehicles over 3.5 metric tons_182.png
26,26,5,5,21,21,10,/content/generated_inputs_trafficsigns_occl0/occl_End of no passing for vehicles over 3.5 metric tons_No passing for vehicles over 3.5 metric tons_Speed limit_30 km-h_182.png
26,26,5,5,21,21,10,/content/generated_inputs_trafficsigns_light0/light_Dangerous curve to the left_Wild animals crossing_Turn right ahead_182.png
26,26,5,5,21,21,10,/content/generated_inputs_trafficsigns_blackout0/blackout_No passing_Speed limit_80 km-h_No passing_88.png
30,31,5,5,24,25,4,/content/generated_inputs_trafficsigns_light1/light_Yield_Yield_Speed limit_50 km-h_184.png
30,31,5,5,24,25,4,/content/generated_inputs_trafficsigns_light2/light_Dangerous curve to the left_Wild animals crossing_Turn right ahead_184.png
30,31,5,5,24,25,4,/content/generated_inputs_trafficsigns_occl2/occl_No passing for vehicles over 3.5 metric tons_General caution_No passing for vehicles over 3.5 metric tons_184.png
30,31,5,5,24,25,4,/content/generated_inputs_trafficsigns_occl1/occl_Speed limit_70 km-h_Speed limit_30 km-h_Speed limit_70 km-h_184.png
30,31,5,5,24,25,4,/content/generated_inputs_trafficsigns_occl0/occl_Speed limit_70 km-h_Speed limit_70 km-h_Speed limit_30 km-h_184.png
30,31,5,5,24,25,4,/content/generated_inputs_trafficsigns_light0/light_Dangerous curve to the left_Wild animals crossing_Turn right ahead_184.png
28,31,6,6,23,25,1,/content/generated_inputs_trafficsigns_light1/light_Dangerous curve to the left_Wild animals crossing_Turn right ahead_187.png
28,31,6,6,23,25,1,/content/generated_inputs_trafficsigns_light2/light_Yield_Yield_Speed limit_50 km-h_187.png
28,31,6,6,23,25,1,/content/generated_inputs_trafficsigns_occl2/occl_No passing for vehicles over 3.5 metric tons_General caution_General caution_187.png
28,31,6,6,23,25,1,/content/generated_inputs_trafficsigns_occl1/occl_No entry_Speed limit_120 km-h_Speed limit_70 km-h_187.png
28,31,6,6,23,25,1,/content/generated_inputs_trafficsigns_occl0/occl_Wild animals crossing_Speed limit_30 km-h_Speed limit_30 km-h_187.png
28,31,6,6,23,25,1,/content/generated_inputs_trafficsigns_light0/light_Yield_Yield_Speed limit_50 km-h_187.png
72,55,7,6,66,49,10,/content/generated_inputs_trafficsigns_light1/light_Dangerous curve to the left_Wild animals crossing_Turn right ahead_189.png
72,55,7,6,66,49,10,/content/generated_inputs_trafficsigns_light2/light_Yield_Yield_Speed limit_50 km-h_189.png
72,55,7,6,66,49,10,/content/generated_inputs_trafficsigns_occl1/occl_No passing for vehicles over 3.5 metric tons_Speed limit_60 km-h_No passing for vehicles over 3.5 metric tons_189.png
72,55,7,6,66,49,10,/content/generated_inputs_trafficsigns_occl0/occl_Keep left_No passing for vehicles over 3.5 metric tons_Wild animals crossing_189.png
72,55,7,6,66,49,10,/content/generated_inputs_trafficsigns_light0/light_Dangerous curve to the left_Wild animals crossing_Turn right ahead_189.png
72,55,7,6,66,49,10,/content/generated_inputs_trafficsigns_blackout0/blackout_Keep left_No passing for vehicles over 3.5 metric tons_Speed limit_100 km-h_92.png
45,42,6,5,39,37,8,/content/generated_inputs_trafficsigns_light1/light_Dangerous curve to the left_Wild animals crossing_Turn right ahead_190.png
45,42,6,5,39,37,8,/content/generated_inputs_trafficsigns_light2/light_Yield_Yield_Speed limit_50 km-h_190.png
45,42,6,5,39,37,8,/content/generated_inputs_trafficsigns_occl2/occl_No passing for vehicles over 3.5 metric tons_Speed limit_120 km-h_Speed limit_120 km-h_190.png
45,42,6,5,39,37,8,/content/generated_inputs_trafficsigns_occl1/occl_No passing for vehicles over 3.5 metric tons_Speed limit_60 km-h_Speed limit_60 km-h_190.png
45,42,6,5,39,37,8,/content/generated_inputs_trafficsigns_occl0/occl_Wild animals crossing_Speed limit_120 km-h_Speed limit_120 km-h_190.png
45,42,6,5,39,37,8,/content/generated_inputs_trafficsigns_light0/light_Dangerous curve to the left_Wild animals crossing_Turn right ahead_190.png
41,41,5,5,36,36,21,/content/generated_inputs_trafficsigns_light1/light_Yield_Yield_Speed limit_50 km-h_195.png
41,41,5,5,36,36,21,/content/generated_inputs_trafficsigns_light2/light_Yield_Yield_Speed limit_50 km-h_195.png
41,41,5,5,36,36,21,/content/generated_inputs_trafficsigns_occl2/occl_No passing for vehicles over 3.5 metric tons_Speed limit_60 km-h_General caution_195.png
41,41,5,5,36,36,21,/content/generated_inputs_trafficsigns_occl1/occl_No passing for vehicles over 3.5 metric tons_Speed limit_60 km-h_No passing for vehicles over 3.5 metric tons_195.png
41,41,5,5,36,36,21,/content/generated_inputs_trafficsigns_occl0/occl_Right-of-way at the next intersection_Beware of ice-snow_Wild animals crossing_195.png
41,41,5,5,36,36,21,/content/generated_inputs_trafficsigns_light0/light_Dangerous curve to the left_Wild animals crossing_Turn right ahead_195.png
41,41,5,5,36,36,21,/content/generated_inputs_trafficsigns_blackout0/blackout_Speed limit_100 km-h_Ahead only_Speed limit_120 km-h_95.png
30,32,5,5,25,26,38,/content/generated_inputs_trafficsigns_light1/light_Yield_Yield_Speed limit_50 km-h_196.png
30,32,5,5,25,26,38,/content/generated_inputs_trafficsigns_light2/light_Dangerous curve to the left_Wild animals crossing_Turn right ahead_196.png
30,32,5,5,25,26,38,/content/generated_inputs_trafficsigns_occl2/occl_Stop_Keep right_Dangerous curve to the right_196.png
30,32,5,5,25,26,38,/content/generated_inputs_trafficsigns_occl1/occl_Speed limit_120 km-h_Speed limit_120 km-h_Speed limit_60 km-h_196.png
30,32,5,5,25,26,38,/content/generated_inputs_trafficsigns_occl0/occl_Turn left ahead_Keep right_Turn left ahead_196.png
30,32,5,5,25,26,38,/content/generated_inputs_trafficsigns_light0/light_Dangerous curve to the left_Wild animals crossing_Turn right ahead_196.png
32,33,6,6,27,28,10,/content/generated_inputs_trafficsigns_blackout0/blackout_Speed limit_100 km-h_Bicycles crossing_No passing for vehicles over 3.5 metric tons_1.png
54,50,6,5,49,45,22,/content/generated_inputs_trafficsigns_blackout0/blackout_No entry_Bumpy road_Yield_2.png
26,27,5,5,21,22,12,/content/generated_inputs_trafficsigns_blackout0/blackout_Priority road_Priority road_Stop_3.png
58,57,6,5,53,52,10,/content/generated_inputs_trafficsigns_blackout0/blackout_Traffic signals_No vehicles_No passing_4.png
40,38,6,5,35,33,4,/content/generated_inputs_trafficsigns_blackout0/blackout_Priority road_Dangerous curve to the left_Yield_5.png
46,48,6,5,40,43,1,/content/generated_inputs_trafficsigns_blackout0/blackout_Priority road_Right-of-way at the next intersection_Right-of-way at the next intersection_6.png
76,77,7,7,70,70,12,/content/generated_inputs_trafficsigns_blackout0/blackout_Priority road_Priority road_No passing_8.png
72,68,6,7,66,62,18,/content/generated_inputs_trafficsigns_blackout0/blackout_No passing for vehicles over 3.5 metric tons_General caution_Priority road_10.png
33,34,6,6,28,29,3,/content/generated_inputs_trafficsigns_blackout0/blackout_Slippery road_Speed limit_70 km-h_Slippery road_13.png
32,33,5,6,27,28,10,/content/generated_inputs_trafficsigns_blackout0/blackout_Children crossing_No passing_Speed limit_60 km-h_15.png
40,39,5,5,35,34,5,/content/generated_inputs_trafficsigns_blackout0/blackout_No vehicles_Speed limit_80 km-h_Speed limit_30 km-h_20.png
42,42,6,5,37,37,3,/content/generated_inputs_trafficsigns_blackout0/blackout_Speed limit_120 km-h_Yield_Speed limit_70 km-h_28.png
99,110,8,10,91,101,38,/content/generated_inputs_trafficsigns_blackout0/blackout_Slippery road_Slippery road_General caution_34.png
62,62,5,5,57,57,2,/content/generated_inputs_trafficsigns_blackout0/blackout_Traffic signals_No vehicles_Speed limit_30 km-h_37.png
30,31,5,5,25,26,12,/content/generated_inputs_trafficsigns_blackout0/blackout_Bicycles crossing_End of speed limit_80 km-h_Vehicles over 3.5 metric tons prohibited_38.png
57,49,5,5,52,44,13,/content/generated_inputs_trafficsigns_blackout0/blackout_Road work_Keep left_Slippery road_43.png
93,81,8,7,85,74,25,/content/generated_inputs_trafficsigns_blackout0/blackout_No passing for vehicles over 3.5 metric tons_Speed limit_60 km-h_No passing for vehicles over 3.5 metric tons_54.png
48,48,5,5,43,43,4,/content/generated_inputs_trafficsigns_blackout0/blackout_End of no passing_Speed limit_30 km-h_Yield_55.png
44,45,6,6,39,40,12,/content/generated_inputs_trafficsigns_blackout0/blackout_Priority road_General caution_End of speed limit_80 km-h_57.png
88,79,8,7,80,72,11,/content/generated_inputs_trafficsigns_blackout0/blackout_Road work_Children crossing_Children crossing_59.png
64,60,6,6,59,55,11,/content/generated_inputs_trafficsigns_blackout0/blackout_No vehicles_Right-of-way at the next intersection_Yield_60.png
30,29,6,5,25,24,3,/content/generated_inputs_trafficsigns_blackout0/blackout_No passing for vehicles over 3.5 metric tons_Speed limit_60 km-h_No passing for vehicles over 3.5 metric tons_65.png
48,49,5,6,43,44,16,/content/generated_inputs_trafficsigns_blackout0/blackout_Traffic signals_Beware of ice-snow_Double curve_66.png
31,32,6,5,26,27,17,/content/generated_inputs_trafficsigns_blackout0/blackout_Bicycles crossing_Bicycles crossing_Stop_72.png
67,67,6,6,61,61,15,/content/generated_inputs_trafficsigns_blackout0/blackout_No vehicles_No vehicles_Speed limit_80 km-h_74.png
34,37,5,6,29,31,5,/content/generated_inputs_trafficsigns_blackout0/blackout_Speed limit_80 km-h_Bicycles crossing_Speed limit_80 km-h_76.png
44,46,5,6,38,40,12,/content/generated_inputs_trafficsigns_blackout0/blackout_Yield_Priority road_No vehicles_85.png
39,41,5,5,34,36,17,/content/generated_inputs_trafficsigns_blackout0/blackout_No entry_No entry_Speed limit_20 km-h_89.png
39,39,6,6,34,34,8,/content/generated_inputs_trafficsigns_blackout0/blackout_Slippery road_Speed limit_70 km-h_General caution_93.png
37,38,5,5,32,32,21,/content/generated_inputs_trafficsigns_blackout0/blackout_Priority road_General caution_No passing_96.png
57,52,5,5,52,46,25,/content/generated_inputs_trafficsigns_blackout0/blackout_Slippery road_Slippery road_Traffic signals_101.png
29,29,6,6,24,24,1,/content/generated_inputs_trafficsigns_blackout0/blackout_Roundabout mandatory_Speed limit_20 km-h_End of no passing for vehicles over 3.5 metric tons_103.png
42,41,6,5,37,36,12,/content/generated_inputs_trafficsigns_blackout0/blackout_End of speed limit_80 km-h_Wild animals crossing_Priority road_104.png
107,112,10,10,98,103,4,/content/generated_inputs_trafficsigns_blackout0/blackout_Stop_General caution_Stop_106.png
41,41,6,6,35,35,35,/content/generated_inputs_trafficsigns_blackout0/blackout_Yield_Roundabout mandatory_No vehicles_107.png
37,36,6,5,32,31,8,/content/generated_inputs_trafficsigns_blackout0/blackout_Turn right ahead_General caution_No passing_108.png
107,95,9,9,97,87,11,/content/generated_inputs_trafficsigns_blackout0/blackout_Priority road_Right-of-way at the next intersection_Right-of-way at the next intersection_109.png
84,86,7,8,77,79,1,/content/generated_inputs_trafficsigns_blackout0/blackout_Speed limit_30 km-h_Slippery road_Stop_111.png
86,82,8,8,79,75,13,/content/generated_inputs_trafficsigns_blackout0/blackout_Dangerous curve to the left_Yield_Yield_113.png
32,31,6,5,27,26,10,/content/generated_inputs_trafficsigns_blackout0/blackout_Roundabout mandatory_Traffic signals_Turn right ahead_119.png
70,72,7,7,64,66,10,/content/generated_inputs_trafficsigns_blackout0/blackout_No vehicles_Wild animals crossing_General caution_120.png
48,49,5,5,43,44,26,/content/generated_inputs_trafficsigns_blackout0/blackout_No passing for vehicles over 3.5 metric tons_General caution_Traffic signals_121.png
36,43,5,5,31,38,13,/content/generated_inputs_trafficsigns_blackout0/blackout_No passing_Speed limit_100 km-h_No passing_123.png
35,34,6,5,30,29,10,/content/generated_inputs_trafficsigns_blackout0/blackout_Keep left_Speed limit_120 km-h_Speed limit_50 km-h_124.png
56,52,5,5,51,47,29,/content/generated_inputs_trafficsigns_blackout0/blackout_No passing_Speed limit_70 km-h_Dangerous curve to the right_126.png
44,89,5,8,39,82,38,/content/generated_inputs_trafficsigns_blackout0/blackout_Bicycles crossing_Slippery road_No vehicles_127.png
41,40,5,5,36,35,10,/content/generated_inputs_trafficsigns_blackout0/blackout_No passing for vehicles over 3.5 metric tons_General caution_Traffic signals_129.png
32,32,6,5,27,27,38,/content/generated_inputs_trafficsigns_blackout0/blackout_No vehicles_Wild animals crossing_Ahead only_130.png
41,43,6,6,36,38,12,/content/generated_inputs_trafficsigns_blackout0/blackout_Beware of ice-snow_Priority road_Beware of ice-snow_131.png
38,36,6,5,32,31,2,/content/generated_inputs_trafficsigns_blackout0/blackout_End of no passing_Speed limit_80 km-h_Speed limit_50 km-h_132.png
59,59,5,5,54,54,2,/content/generated_inputs_trafficsigns_blackout0/blackout_No passing for vehicles over 3.5 metric tons_Speed limit_60 km-h_No passing for vehicles over 3.5 metric tons_133.png
44,43,6,5,39,38,3,/content/generated_inputs_trafficsigns_blackout0/blackout_Speed limit_80 km-h_Speed limit_80 km-h_Yield_137.png
29,29,6,5,24,24,38,/content/generated_inputs_trafficsigns_blackout0/blackout_Speed limit_120 km-h_Priority road_No passing_138.png
129,130,11,12,118,118,14,/content/generated_inputs_trafficsigns_blackout0/blackout_No passing for vehicles over 3.5 metric tons_General caution_General caution_146.png
92,78,9,7,84,71,25,/content/generated_inputs_trafficsigns_blackout0/blackout_Yield_Road work_Speed limit_50 km-h_147.png
48,49,5,6,43,44,7,/content/generated_inputs_trafficsigns_blackout0/blackout_Speed limit_50 km-h_Speed limit_100 km-h_Speed limit_50 km-h_150.png
41,42,6,6,36,37,4,/content/generated_inputs_trafficsigns_blackout0/blackout_Speed limit_20 km-h_Speed limit_70 km-h_Speed limit_20 km-h_151.png
54,56,5,6,49,50,14,/content/generated_inputs_trafficsigns_blackout0/blackout_No entry_Yield_Yield_152.png
37,37,5,5,32,32,3,/content/generated_inputs_trafficsigns_blackout0/blackout_No vehicles_End of all speed and passing limits_Speed limit_80 km-h_153.png
44,45,5,5,39,40,12,/content/generated_inputs_trafficsigns_blackout0/blackout_Traffic signals_Bicycles crossing_Priority road_154.png
53,55,5,6,47,50,14,/content/generated_inputs_trafficsigns_blackout0/blackout_Speed limit_70 km-h_Wild animals crossing_Speed limit_30 km-h_156.png
85,87,8,7,78,79,38,/content/generated_inputs_trafficsigns_blackout0/blackout_Slippery road_Slippery road_Keep right_157.png
35,34,5,5,30,29,10,/content/generated_inputs_trafficsigns_blackout0/blackout_Keep left_Yield_Yield_159.png
33,33,5,5,28,27,35,/content/generated_inputs_trafficsigns_blackout0/blackout_No passing for vehicles over 3.5 metric tons_Dangerous curve to the right_Priority road_160.png
56,60,5,5,50,55,7,/content/generated_inputs_trafficsigns_blackout0/blackout_No vehicles_No passing_General caution_163.png
74,73,7,6,68,67,15,/content/generated_inputs_trafficsigns_blackout0/blackout_No vehicles_No vehicles_Priority road_165.png
26,32,5,6,21,27,38,/content/generated_inputs_trafficsigns_blackout0/blackout_Yield_Keep right_No vehicles_172.png
27,29,6,5,21,24,33,/content/generated_inputs_trafficsigns_blackout0/blackout_Vehicles over 3.5 metric tons prohibited_Turn left ahead_Yield_173.png
42,42,5,5,36,36,1,/content/generated_inputs_trafficsigns_blackout0/blackout_No vehicles_Speed limit_30 km-h_Speed limit_120 km-h_174.png
35,41,5,6,29,35,33,/content/generated_inputs_trafficsigns_blackout0/blackout_Turn right ahead_Yield_Turn right ahead_175.png
57,59,5,6,52,54,14,/content/generated_inputs_trafficsigns_blackout0/blackout_No vehicles_Road work_Stop_176.png
50,52,5,5,44,47,1,/content/generated_inputs_trafficsigns_blackout0/blackout_Speed limit_70 km-h_Speed limit_30 km-h_Speed limit_30 km-h_177.png
48,47,5,5,43,42,1,/content/generated_inputs_trafficsigns_blackout0/blackout_Yield_Speed limit_30 km-h_Yield_178.png
51,48,5,6,46,43,11,/content/generated_inputs_trafficsigns_blackout0/blackout_Speed limit_80 km-h_Stop_Speed limit_100 km-h_179.png
80,80,7,8,73,73,5,/content/generated_inputs_trafficsigns_blackout0/blackout_No passing for vehicles over 3.5 metric tons_No passing for vehicles over 3.5 metric tons_General caution_180.png
32,33,5,6,27,28,30,/content/generated_inputs_trafficsigns_blackout0/blackout_No passing_Speed limit_120 km-h_Children crossing_181.png
49,49,6,6,44,44,9,/content/generated_inputs_trafficsigns_blackout0/blackout_Slippery road_Speed limit_70 km-h_Slippery road_182.png
120,109,11,9,110,100,29,/content/generated_inputs_trafficsigns_blackout0/blackout_Yield_Bicycles crossing_Bicycles crossing_183.png
42,42,5,6,37,37,15,/content/generated_inputs_trafficsigns_blackout0/blackout_No vehicles_Wild animals crossing_No vehicles_184.png
71,73,6,7,65,67,15,/content/generated_inputs_trafficsigns_blackout0/blackout_No vehicles_No vehicles_Yield_185.png
38,38,6,6,33,33,12,/content/generated_inputs_trafficsigns_blackout0/blackout_Yield_Road work_Priority road_186.png
40,38,5,6,35,33,8,/content/generated_inputs_trafficsigns_blackout0/blackout_Speed limit_120 km-h_Priority road_Speed limit_70 km-h_187.png
27,27,6,5,22,22,8,/content/generated_inputs_trafficsigns_blackout0/blackout_Keep left_Children crossing_No vehicles_188.png
27,27,5,6,22,22,15,/content/generated_inputs_trafficsigns_blackout0/blackout_No vehicles_Wild animals crossing_Speed limit_30 km-h_189.png
40,43,5,5,35,38,38,/content/generated_inputs_trafficsigns_blackout0/blackout_Road work_Keep right_Keep right_190.png
36,37,6,5,31,32,9,/content/generated_inputs_trafficsigns_blackout0/blackout_Priority road_Dangerous curve to the left_Right-of-way at the next intersection_191.png
31,34,5,5,25,28,1,/content/generated_inputs_trafficsigns_blackout0/blackout_Road work_Slippery road_Slippery road_192.png
37,37,6,5,32,32,9,/content/generated_inputs_trafficsigns_blackout0/blackout_No passing_Priority road_Children crossing_193.png
38,38,6,6,33,33,14,/content/generated_inputs_trafficsigns_blackout0/blackout_Speed limit_120 km-h_Yield_Speed limit_70 km-h_194.png
39,38,5,5,34,33,12,/content/generated_inputs_trafficsigns_blackout0/blackout_General caution_Slippery road_Traffic signals_195.png
46,46,5,5,41,41,1,/content/generated_inputs_trafficsigns_blackout0/blackout_No vehicles_Right-of-way at the next intersection_Speed limit_120 km-h_196.png
34,40,6,5,29,35,17,/content/generated_inputs_trafficsigns_blackout0/blackout_No entry_No entry_Stop_199.png
33,32,5,5,28,27,5,/content/generated_inputs_trafficsigns_blackout0/blackout_Priority road_Speed limit_80 km-h_Go straight or right_201.png
73,79,7,7,67,72,7,/content/generated_inputs_trafficsigns_blackout0/blackout_Dangerous curve to the left_Yield_Yield_202.png
54,50,6,5,49,45,12,/content/generated_inputs_trafficsigns_blackout0/blackout_Pedestrians_Road narrows on the right_Priority road_209.png
68,68,6,6,62,62,14,/content/generated_inputs_trafficsigns_blackout0/blackout_No vehicles_Stop_Stop_210.png
34,33,6,5,29,28,2,/content/generated_inputs_trafficsigns_blackout0/blackout_End of no passing_Speed limit_50 km-h_Speed limit_50 km-h_212.png
30,31,6,6,25,25,10,/content/generated_inputs_trafficsigns_blackout0/blackout_Yield_Yield_Speed limit_50 km-h_213.png
48,47,6,5,43,42,7,/content/generated_inputs_trafficsigns_blackout0/blackout_Pedestrians_Road narrows on the right_No vehicles_214.png
34,30,6,6,29,25,38,/content/generated_inputs_trafficsigns_blackout0/blackout_General caution_End of speed limit_80 km-h_End of speed limit_80 km-h_216.png
53,49,5,6,48,44,25,/content/generated_inputs_trafficsigns_blackout0/blackout_Road work_Bicycles crossing_Road work_217.png
27,26,6,5,22,21,9,/content/generated_inputs_trafficsigns_blackout0/blackout_General caution_Slippery road_General caution_218.png
29,33,5,6,24,28,1,/content/generated_inputs_trafficsigns_blackout0/blackout_Children crossing_Speed limit_30 km-h_Children crossing_219.png
46,44,6,5,40,39,14,/content/generated_inputs_trafficsigns_blackout0/blackout_No passing for vehicles over 3.5 metric tons_Speed limit_60 km-h_No passing for vehicles over 3.5 metric tons_221.png
88,89,8,8,81,82,35,/content/generated_inputs_trafficsigns_blackout0/blackout_No passing for vehicles over 3.5 metric tons_Go straight or right_No passing for vehicles over 3.5 metric tons_223.png
28,54,6,6,22,48,17,/content/generated_inputs_trafficsigns_blackout0/blackout_Bicycles crossing_End of speed limit_80 km-h_No entry_224.png
34,36,6,6,29,30,9,/content/generated_inputs_trafficsigns_blackout0/blackout_Speed limit_120 km-h_Priority road_No passing_225.png
40,36,6,6,35,31,13,/content/generated_inputs_trafficsigns_blackout0/blackout_No passing for vehicles over 3.5 metric tons_General caution_Priority road_235.png
49,48,6,6,43,43,35,/content/generated_inputs_trafficsigns_blackout0/blackout_Bicycles crossing_Vehicles over 3.5 metric tons prohibited_Speed limit_100 km-h_236.png
33,32,6,5,28,27,10,/content/generated_inputs_trafficsigns_blackout0/blackout_Yield_Road work_Yield_237.png
33,29,5,5,28,24,18,/content/generated_inputs_trafficsigns_blackout0/blackout_Speed limit_120 km-h_Roundabout mandatory_Speed limit_120 km-h_238.png
43,42,5,6,38,37,33,/content/generated_inputs_trafficsigns_blackout0/blackout_General caution_Traffic signals_Stop_242.png
35,33,6,5,30,28,31,/content/generated_inputs_trafficsigns_blackout0/blackout_Priority road_End of speed limit_80 km-h_End of speed limit_80 km-h_245.png
34,36,5,6,29,31,38,/content/generated_inputs_trafficsigns_blackout0/blackout_Stop_Traffic signals_Stop_246.png
35,35,6,6,30,30,23,/content/generated_inputs_trafficsigns_blackout0/blackout_Yield_Children crossing_Speed limit_50 km-h_249.png
29,26,6,6,24,21,13,/content/generated_inputs_trafficsigns_blackout0/blackout_No vehicles_Yield_No vehicles_250.png
62,59,6,6,57,54,31,/content/generated_inputs_trafficsigns_blackout0/blackout_Road work_Dangerous curve to the right_Children crossing_251.png
51,52,6,5,46,47,9,/content/generated_inputs_trafficsigns_blackout0/blackout_Priority road_End of speed limit_80 km-h_Vehicles over 3.5 metric tons prohibited_253.png
38,40,6,6,33,35,38,/content/generated_inputs_trafficsigns_blackout0/blackout_Keep right_Slippery road_Slippery road_255.png
86,80,8,8,79,73,13,/content/generated_inputs_trafficsigns_blackout0/blackout_No passing for vehicles over 3.5 metric tons_General caution_Priority road_260.png
73,76,6,7,67,70,36,/content/generated_inputs_trafficsigns_blackout0/blackout_No entry_Bicycles crossing_Speed limit_120 km-h_263.png
37,40,5,6,32,34,9,/content/generated_inputs_trafficsigns_blackout0/blackout_No passing_Speed limit_100 km-h_No passing_264.png
48,53,5,6,43,48,25,/content/generated_inputs_trafficsigns_blackout0/blackout_Children crossing_Slippery road_Road narrows on the right_265.png
69,68,7,7,63,62,12,/content/generated_inputs_trafficsigns_blackout0/blackout_Yield_No passing for vehicles over 3.5 metric tons_No passing for vehicles over 3.5 metric tons_266.png
56,57,5,6,51,52,5,/content/generated_inputs_trafficsigns_blackout0/blackout_Keep left_Speed limit_80 km-h_Wild animals crossing_270.png
56,53,6,5,51,48,5,/content/generated_inputs_trafficsigns_blackout0/blackout_Speed limit_120 km-h_Priority road_Speed limit_80 km-h_271.png
83,75,7,7,76,68,25,/content/generated_inputs_trafficsigns_blackout0/blackout_No vehicles_Road work_Speed limit_80 km-h_272.png
41,42,6,6,36,37,13,/content/generated_inputs_trafficsigns_blackout0/blackout_Speed limit_120 km-h_No passing_Yield_273.png
51,54,5,5,45,48,35,/content/generated_inputs_trafficsigns_blackout0/blackout_Yield_Yield_Speed limit_50 km-h_274.png
44,48,5,6,39,43,8,/content/generated_inputs_trafficsigns_blackout0/blackout_Stop_General caution_Priority road_281.png
86,74,8,6,79,67,25,/content/generated_inputs_trafficsigns_blackout0/blackout_Yield_Road work_Road work_286.png
51,54,5,6,46,49,12,/content/generated_inputs_trafficsigns_blackout0/blackout_Speed limit_100 km-h_Ahead only_Stop_290.png
27,25,5,5,22,20,35,/content/generated_inputs_trafficsigns_blackout0/blackout_Dangerous curve to the left_Dangerous curve to the left_Yield_291.png
31,32,6,6,26,26,1,/content/generated_inputs_trafficsigns_blackout0/blackout_Speed limit_120 km-h_Priority road_Speed limit_70 km-h_292.png
28,28,6,5,23,22,5,/content/generated_inputs_trafficsigns_blackout0/blackout_Ahead only_Speed limit_30 km-h_Speed limit_70 km-h_293.png
38,35,5,5,33,30,8,/content/generated_inputs_trafficsigns_blackout0/blackout_Dangerous curve to the right_Speed limit_30 km-h_Children crossing_294.png
60,59,6,5,55,54,2,/content/generated_inputs_trafficsigns_blackout0/blackout_Yield_Yield_Speed limit_50 km-h_300.png
32,34,5,6,27,29,17,/content/generated_inputs_trafficsigns_blackout0/blackout_No entry_Bicycles crossing_No entry_301.png
52,52,6,6,47,47,38,/content/generated_inputs_trafficsigns_blackout0/blackout_Road narrows on the right_Keep right_Keep right_302.png
38,35,6,5,33,30,31,/content/generated_inputs_trafficsigns_blackout0/blackout_Speed limit_80 km-h_Speed limit_80 km-h_Yield_304.png
38,35,6,5,33,30,11,/content/generated_inputs_trafficsigns_blackout0/blackout_Keep left_Children crossing_Right-of-way at the next intersection_306.png
40,40,5,6,35,35,8,/content/generated_inputs_trafficsigns_blackout0/blackout_Pedestrians_Road narrows on the right_Speed limit_120 km-h_309.png
75,72,6,6,69,66,1,/content/generated_inputs_trafficsigns_blackout0/blackout_Speed limit_50 km-h_Speed limit_30 km-h_Speed limit_30 km-h_311.png
47,48,6,6,42,43,12,/content/generated_inputs_trafficsigns_blackout0/blackout_No passing for vehicles over 3.5 metric tons_Speed limit_120 km-h_No passing for vehicles over 3.5 metric tons_315.png
50,53,6,5,45,48,1,/content/generated_inputs_trafficsigns_blackout0/blackout_Speed limit_70 km-h_General caution_General caution_318.png
50,53,5,6,45,47,33,/content/generated_inputs_trafficsigns_blackout0/blackout_Bicycles crossing_Turn left ahead_Yield_319.png
27,29,6,6,22,24,12,/content/generated_inputs_trafficsigns_blackout0/blackout_No vehicles_Priority road_Stop_321.png
110,116,9,10,100,105,38,/content/generated_inputs_trafficsigns_blackout0/blackout_No vehicles_Keep right_Yield_322.png
46,49,5,6,40,43,12,/content/generated_inputs_trafficsigns_blackout0/blackout_General caution_Slippery road_Slippery road_323.png
31,30,6,5,26,25,4,/content/generated_inputs_trafficsigns_blackout0/blackout_Yield_Speed limit_120 km-h_Speed limit_50 km-h_324.png
33,31,6,5,28,26,12,/content/generated_inputs_trafficsigns_blackout0/blackout_Beware of ice-snow_Keep left_Children crossing_325.png
35,33,6,6,30,28,33,/content/generated_inputs_trafficsigns_blackout0/blackout_Speed limit_120 km-h_Priority road_No passing_326.png
61,59,6,6,56,54,1,/content/generated_inputs_trafficsigns_blackout0/blackout_Road work_Wild animals crossing_Slippery road_331.png
45,39,5,5,40,34,10,/content/generated_inputs_trafficsigns_blackout0/blackout_Priority road_Right-of-way at the next intersection_Priority road_335.png
29,32,6,6,24,27,12,/content/generated_inputs_trafficsigns_blackout0/blackout_Slippery road_No entry_General caution_336.png
34,36,5,5,29,31,9,/content/generated_inputs_trafficsigns_blackout0/blackout_Yield_Priority road_No vehicles_339.png
48,52,5,5,43,47,38,/content/generated_inputs_trafficsigns_blackout0/blackout_Stop_Traffic signals_Stop_340.png
158,154,13,14,145,141,14,/content/generated_inputs_trafficsigns_blackout0/blackout_Bicycles crossing_Bicycles crossing_Speed limit_120 km-h_341.png
41,41,6,6,36,36,2,/content/generated_inputs_trafficsigns_blackout0/blackout_No passing for vehicles over 3.5 metric tons_Speed limit_60 km-h_No passing for vehicles over 3.5 metric tons_343.png
39,39,6,6,34,34,13,/content/generated_inputs_trafficsigns_blackout0/blackout_Beware of ice-snow_Keep left_Bicycles crossing_344.png
48,47,6,5,43,42,12,/content/generated_inputs_trafficsigns_blackout0/blackout_End of no passing_Priority road_Yield_345.png
29,29,5,5,23,24,2,/content/generated_inputs_trafficsigns_blackout0/blackout_Road work_Bicycles crossing_Speed limit_120 km-h_354.png
52,55,5,5,47,49,16,/content/generated_inputs_trafficsigns_blackout0/blackout_No passing_Speed limit_70 km-h_No passing_356.png
44,47,5,6,39,42,7,/content/generated_inputs_trafficsigns_blackout0/blackout_Yield_Yield_Speed limit_50 km-h_357.png
40,38,5,5,35,33,18,/content/generated_inputs_trafficsigns_blackout0/blackout_Keep left_Yield_General caution_359.png
36,38,5,6,31,33,17,/content/generated_inputs_trafficsigns_blackout0/blackout_No entry_Speed limit_100 km-h_Stop_361.png
52,48,6,5,47,43,4,/content/generated_inputs_trafficsigns_blackout0/blackout_Stop_Traffic signals_Stop_363.png
100,88,9,7,91,81,11,/content/generated_inputs_trafficsigns_blackout0/blackout_Children crossing_Priority road_Children crossing_367.png
146,145,12,12,134,133,26,/content/generated_inputs_trafficsigns_blackout0/blackout_No passing for vehicles over 3.5 metric tons_No passing for vehicles over 3.5 metric tons_General caution_368.png
31,31,6,6,26,26,4,/content/generated_inputs_trafficsigns_blackout0/blackout_Speed limit_120 km-h_Priority road_Speed limit_70 km-h_369.png
93,75,8,6,85,69,13,/content/generated_inputs_trafficsigns_blackout0/blackout_No vehicles_Keep right_Bicycles crossing_373.png
33,35,6,5,28,30,5,/content/generated_inputs_trafficsigns_blackout0/blackout_Turn right ahead_Speed limit_80 km-h_Go straight or right_376.png
113,117,9,10,103,107,33,/content/generated_inputs_trafficsigns_blackout0/blackout_Children crossing_Ahead only_Children crossing_377.png
53,53,5,6,48,48,3,/content/generated_inputs_trafficsigns_blackout0/blackout_No entry_Yield_Yield_380.png
61,62,5,5,56,57,5,/content/generated_inputs_trafficsigns_blackout0/blackout_Yield_Speed limit_30 km-h_Yield_384.png
36,36,6,6,31,31,8,/content/generated_inputs_trafficsigns_blackout0/blackout_No passing_Speed limit_80 km-h_No passing_385.png
84,76,8,7,77,70,29,/content/generated_inputs_trafficsigns_blackout0/blackout_Road work_Dangerous curve to the right_Children crossing_388.png
43,40,6,5,38,35,11,/content/generated_inputs_trafficsigns_blackout0/blackout_General caution_Slippery road_Slippery road_389.png
33,33,6,6,28,28,1,/content/generated_inputs_trafficsigns_blackout0/blackout_Roundabout mandatory_Speed limit_70 km-h_Roundabout mandatory_395.png
42,46,6,5,37,41,6,/content/generated_inputs_trafficsigns_blackout0/blackout_Speed limit_100 km-h_Ahead only_Stop_396.png
58,57,5,6,53,52,33,/content/generated_inputs_trafficsigns_blackout0/blackout_Turn right ahead_No passing_Turn right ahead_397.png
48,48,6,6,43,43,4,/content/generated_inputs_trafficsigns_blackout0/blackout_Bicycles crossing_Children crossing_Speed limit_80 km-h_398.png
